tier,track,primary_track,paper_id,sequence,status,evidence_level,year,venue,title,overview_path,started_on,completed_on,problem_and_assumptions,observation_state_action_control,embodiment_task_data_metrics,failure_modes,research_relevance,next_action,personal_notes
CORE,"Planning, control, and whole-body foundations",Planning and control,pr-0823,1,READ,FULL_TEXT_CHECKED,1960,Journal of Basic Engineering,A New Approach to Linear Filtering and Prediction Problems,./1960/Journal-of-Basic-Enginee/1960_Journal-of-Basic-Enginee_A-New-Approach-to-Linear-Filtering-and-Prediction-Problems/01_overview.md,,,,,,,,,
CORE,"Planning, control, and whole-body foundations",Planning and control,pr-0822,2,READ,FULL_TEXT_CHECKED,1968,IEEE Transactions on Systems Science and Cybernetics,A Formal Basis for the Heuristic Determination of Minimum Cost Paths,./1968/IEEE-Transactions-on-Sys/1968_IEEE-Transactions-on-Sys_A-Formal-Basis-for-the-Heuristic-Determination-of-Minimum/01_overview.md,,,,,,,,,
CORE,"Planning, control, and whole-body foundations",Planning and control,pr-0821,3,READ,FULL_TEXT_CHECKED,1998,Artificial Intelligence,Planning and Acting in Partially Observable Stochastic Domains,./1998/Artificial-Intelligence/1998_Artificial-Intelligence_Planning-and-Acting-in-Partially-Observable-Stochastic-Dom/01_overview.md,,,,,,,,,
CORE,"Planning, control, and whole-body foundations",Planning and control,pr-0550,4,READ,FULL_TEXT_CHECKED,1987,IEEE JRA,A Unified Approach for Motion and Force Control of Robot Manipulators: The Operational Space Formulation,./1987/IEEE-JRA/1987_IEEE-JRA_A-Unified-Approach-for-Motion-and-Force-Control-of-Robot-M/01_overview.md,,,,,,,,,
CORE,"Planning, control, and whole-body foundations",Planning and control,pr-0824,5,READ,FULL_TEXT_CHECKED,1981,"Journal of Dynamic Systems, Measurement, and Control",Hybrid Position/Force Control of Manipulators,./1981/Journal-of-Dynamic-Syste/1981_Journal-of-Dynamic-Syste_Hybrid-Position-Force-Control-of-Manipulators/01_overview.md,,,,,,,,,
CORE,"Planning, control, and whole-body foundations",Planning and control,pr-0825,6,UNREAD,ABSTRACT_CHECKED,1985,"Journal of Dynamic Systems, Measurement, and Control",Impedance Control: An Approach to Manipulation: Part I—Theory,./1985/Journal-of-Dynamic-Syste/1985_Journal-of-Dynamic-Syste_Impedance-Control-An-Approach-to-Manipulation-Part-ITheory/01_overview.md,,,,,,,,,
CORE,"Planning, control, and whole-body foundations",Planning and control,pr-0551,7,UNREAD,FULL_TEXT_CHECKED,1996,IEEE T-RA,Probabilistic Roadmaps for Path Planning in High-Dimensional Configuration Spaces,./1996/IEEE-T-RA/1996_IEEE-T-RA_Probabilistic-Roadmaps-for-Path-Planning-in-High-Dimension/01_overview.md,,,,,,,,,
CORE,"Planning, control, and whole-body foundations",Planning and control,pr-0552,8,UNREAD,FULL_TEXT_CHECKED,1998,Technical Report,Rapidly-Exploring Random Trees: A New Tool for Path Planning,./1998/Technical-Report/1998_Technical-Report_Rapidly-Exploring-Random-Trees-A-New-Tool-for-Path-Plannin/01_overview.md,,,,,,,,,
CORE,"Planning, control, and whole-body foundations",Planning and control,pr-0555,9,UNREAD,FULL_TEXT_CHECKED,2009,ICRA,CHOMP: Gradient Optimization Techniques for Efficient Motion Planning,./2009/ICRA/2009_ICRA_CHOMP-Gradient-Optimization-Techniques-for-Efficient-Motio/01_overview.md,,,,,,,,,
CORE,"Planning, control, and whole-body foundations",Planning and control,pr-0558,10,UNREAD,FULL_TEXT_CHECKED,2013,IROS,TrajOpt: A Sequential Convex Optimization Algorithm for Robot Motion Planning,./2013/IROS/2013_IROS_TrajOpt-A-Sequential-Convex-Optimization-Algorithm-for-Rob/01_overview.md,,,,,,,,,
CORE,"Planning, control, and whole-body foundations",Planning and control,pr-0831,11,UNREAD,ABSTRACT_CHECKED,2012,IROS,MuJoCo: A Physics Engine for Model-Based Control,./2012/IROS/2012_IROS_MuJoCo-A-Physics-Engine-for-Model-Based-Control/01_overview.md,,,,,,,,,
CORE,"Planning, control, and whole-body foundations",Planning and control,pr-0833,12,UNREAD,ABSTRACT_CHECKED,2017,ICRA,Information Theoretic MPC for Model-Based Reinforcement Learning,./2017/ICRA/2017_ICRA_Information-Theoretic-MPC-for-Model-Based-Reinforcement-Le/01_overview.md,,,,,,,,,
CORE,"Planning, control, and whole-body foundations",Planning and control,pr-0748,13,UNREAD,FULL_TEXT_CHECKED,2020,ICAPS,PDDLStream: Integrating Symbolic Planners and Blackbox Samplers via Optimistic Adaptive Planning,./2020/ICAPS/2020_ICAPS_PDDLStream-Integrating-Symbolic-Planners-and-Blackbox-Samp/01_overview.md,,,,,,,,,
CORE,"Planning, control, and whole-body foundations",Planning and control,pr-0666,14,UNREAD,FULL_TEXT_CHECKED,2013,T-RO,Dynamic Whole-Body Motion Generation under Rigid Contacts and Other Unilateral Constraints,./2013/T-RO/2013_T-RO_Dynamic-Whole-Body-Motion-Generation-under-Rigid-Contacts/01_overview.md,,,,,,,,,
CORE,"Planning, control, and whole-body foundations",Planning and control,pr-0667,15,UNREAD,FULL_TEXT_CHECKED,2014,IJRR,Hierarchical Quadratic Programming: Fast Online Humanoid-Robot Motion Generation,./2014/IJRR/2014_IJRR_Hierarchical-Quadratic-Programming-Fast-Online-Humanoid-Ro/01_overview.md,,,,,,,,,
CORE,"Planning, control, and whole-body foundations",Planning and control,pr-0668,16,UNREAD,FULL_TEXT_CHECKED,2018,RA-L,Whole-Body Nonlinear Model Predictive Control Through Contacts for Quadrupeds,./2018/RA-L/2018_RA-L_Whole-Body-Nonlinear-Model-Predictive-Control-Through-Cont/01_overview.md,,,,,,,,,
CORE,"RL, IL, and policy learning foundations","RL, IL, offline learning, and robot data",pr-0835,17,UNREAD,ABSTRACT_CHECKED,1988,Machine Learning,Learning to Predict by the Methods of Temporal Differences,./1988/Machine-Learning/1988_Machine-Learning_Learning-to-Predict-by-the-Methods-of-Temporal-Differences/01_overview.md,,,,,,,,,
CORE,"RL, IL, and policy learning foundations","RL, IL, offline learning, and robot data",pr-0836,18,UNREAD,ABSTRACT_CHECKED,1992,Machine Learning,Q-Learning,./1992/Machine-Learning/1992_Machine-Learning_Q-Learning/01_overview.md,,,,,,,,,
CORE,"RL, IL, and policy learning foundations","RL, IL, offline learning, and robot data",pr-0837,19,UNREAD,ABSTRACT_CHECKED,1992,Machine Learning,Simple Statistical Gradient-Following Algorithms for Connectionist Reinforcement Learning,./1992/Machine-Learning/1992_Machine-Learning_Simple-Statistical-Gradient-Following-Algorithms-for-Conne/01_overview.md,,,,,,,,,
CORE,"RL, IL, and policy learning foundations","RL, IL, offline learning, and robot data",pr-0838,20,UNREAD,ABSTRACT_CHECKED,1999,NeurIPS,Policy Gradient Methods for Reinforcement Learning with Function Approximation,./1999/NeurIPS/1999_NeurIPS_Policy-Gradient-Methods-for-Reinforcement-Learning-with-Fu/01_overview.md,,,,,,,,,
CORE,"RL, IL, and policy learning foundations","RL, IL, offline learning, and robot data",pr-0830,21,UNREAD,ABSTRACT_CHECKED,2011,ICML,PILCO: A Model-Based and Data-Efficient Approach to Policy Search,./2011/ICML/2011_ICML_PILCO-A-Model-Based-and-Data-Efficient-Approach-to-Policy/01_overview.md,,,,,,,,,
CORE,"RL, IL, and policy learning foundations","RL, IL, offline learning, and robot data",pr-0522,22,UNREAD,FULL_TEXT_CHECKED,2011,AISTATS,A Reduction of Imitation Learning and Structured Prediction to No-Regret Online Learning,./2011/AISTATS/2011_AISTATS_A-Reduction-of-Imitation-Learning-and-Structured-Predictio/01_overview.md,,,,,,,,,
CORE,"RL, IL, and policy learning foundations","RL, IL, offline learning, and robot data",pr-0560,23,UNREAD,FULL_TEXT_CHECKED,2016,JMLR,Learning Neural Network Policies with Guided Policy Search under Unknown Dynamics,./2016/JMLR/2016_JMLR_Learning-Neural-Network-Policies-with-Guided-Policy-Search/01_overview.md,,,,,,,,,
CORE,"RL, IL, and policy learning foundations","RL, IL, offline learning, and robot data",pr-0523,24,UNREAD,FULL_TEXT_CHECKED,2016,NeurIPS,Generative Adversarial Imitation Learning,./2016/NeurIPS/2016_NeurIPS_Generative-Adversarial-Imitation-Learning/01_overview.md,,,,,,,,,
CORE,"RL, IL, and policy learning foundations","RL, IL, offline learning, and robot data",pr-0615,25,UNREAD,FULL_TEXT_CHECKED,2015,ICML,Trust Region Policy Optimization,./2015/ICML/2015_ICML_Trust-Region-Policy-Optimization/01_overview.md,,,,,,,,,
CORE,"RL, IL, and policy learning foundations","RL, IL, offline learning, and robot data",pr-0524,26,UNREAD,FULL_TEXT_CHECKED,2017,arXiv,Proximal Policy Optimization Algorithms,./2017/arxiv/2017_arxiv_Proximal-Policy-Optimization-Algorithms/01_overview.md,,,,,,,,,
CORE,"RL, IL, and policy learning foundations","RL, IL, offline learning, and robot data",pr-0620,27,UNREAD,FULL_TEXT_CHECKED,2018,ICML,Soft Actor-Critic: Off-Policy Maximum Entropy Deep Reinforcement Learning with a Stochastic Actor,./2018/ICML/2018_ICML_Soft-Actor-Critic-Off-Policy-Maximum-Entropy-Deep-Reinforc/01_overview.md,,,,,,,,,
CORE,"RL, IL, and policy learning foundations","RL, IL, offline learning, and robot data",pr-0561,28,UNREAD,FULL_TEXT_CHECKED,2017,IROS,Domain Randomization for Transferring Deep Neural Networks from Simulation to the Real World,./2017/IROS/2017_IROS_Domain-Randomization-for-Transferring-Deep-Neural-Networks/01_overview.md,,,,,,,,,
CORE,"RL, IL, and policy learning foundations","RL, IL, offline learning, and robot data",pr-0747,29,UNREAD,FULL_TEXT_CHECKED,2021,CoRL,What Matters in Learning from Offline Human Demonstrations for Robot Manipulation,./2021/CoRL/2021_CoRL_What-Matters-in-Learning-from-Offline-Human-Demonstrations/01_overview.md,,,,,,,,,
CORE,"RL, IL, and policy learning foundations","RL, IL, offline learning, and robot data",pr-0636,30,UNREAD,FULL_TEXT_CHECKED,2022,CoRL,Implicit Behavioral Cloning,./2022/CoRL/2022_CoRL_Implicit-Behavioral-Cloning/01_overview.md,,,,,,,,,
CORE,"RL, IL, and policy learning foundations","RL, IL, offline learning, and robot data",pr-0624,31,UNREAD,FULL_TEXT_CHECKED,2022,ICLR,Offline Reinforcement Learning with Implicit Q-Learning,./2022/ICLR/2022_ICLR_Offline-Reinforcement-Learning-with-Implicit-Q-Learning/01_overview.md,,,,,,,,,
CORE,"RL, IL, and policy learning foundations","RL, IL, offline learning, and robot data",pr-0018,32,UNREAD,FULL_TEXT_CHECKED,2021,NeurIPS,Decision Transformer: Reinforcement Learning via Sequence Modeling,./2021/NeurIPS/2021_NeurIPS_Decision-Transformer-Reinforcement-Learning-via-Sequence-M/01_overview.md,,,,,,,,,
CORE,"RL, IL, and policy learning foundations","RL, IL, offline learning, and robot data",pr-0008,33,UNREAD,FULL_TEXT_CHECKED,2020,NeurIPS,Denoising Diffusion Probabilistic Models,./2020/NeurIPS/2020_NeurIPS_Denoising-Diffusion-Probabilistic-Models/01_overview.md,,,,,,,,,
CORE,"RL, IL, and policy learning foundations","RL, IL, offline learning, and robot data",pr-0745,34,UNREAD,FULL_TEXT_CHECKED,2023,ICLR,Flow Matching for Generative Modeling,./2023/ICLR/2023_ICLR_Flow-Matching-for-Generative-Modeling/01_overview.md,,,,,,,,,
CORE,"RL, IL, and policy learning foundations","RL, IL, offline learning, and robot data",pr-0019,35,UNREAD,FULL_TEXT_CHECKED,2023,RSS,Diffusion Policy: Visuomotor Policy Learning via Action Diffusion,./2023/RSS/2023_RSS_Diffusion-Policy-Visuomotor-Policy-Learning-via-Action-Dif/01_overview.md,,,,,,,,,
CORE,"RL, IL, and policy learning foundations","RL, IL, offline learning, and robot data",pr-0625,36,UNREAD,FULL_TEXT_CHECKED,2024,CoRL,Q-Transformer: Scalable Offline Reinforcement Learning via Autoregressive Q-Functions,./2024/CoRL/2024_CoRL_Q-Transformer-Scalable-Offline-Reinforcement-Learning-via/01_overview.md,,,,,,,,,
CORE,"Manipulation, contact, tactile, and dexterity","Manipulation, contact, tactile, and dexterity",pr-0827,37,UNREAD,ABSTRACT_CHECKED,1992,ICRA,Planning Optimal Grasps,./1992/ICRA/1992_ICRA_Planning-Optimal-Grasps/01_overview.md,,,,,,,,,
CORE,"Manipulation, contact, tactile, and dexterity","Manipulation, contact, tactile, and dexterity",pr-0848,38,UNREAD,ABSTRACT_CHECKED,2017,Sensors,GelSight: High-Resolution Robot Tactile Sensors for Estimating Geometry and Force,./2017/Sensors/2017_Sensors_GelSight-High-Resolution-Robot-Tactile-Sensors-for-Estimat/01_overview.md,,,,,,,,,
CORE,"Manipulation, contact, tactile, and dexterity","Manipulation, contact, tactile, and dexterity",pr-0642,39,UNREAD,FULL_TEXT_CHECKED,2014,SIGGRAPH,Contact-Invariant Optimization for Hand Manipulation,./2014/SIGGRAPH/2014_SIGGRAPH_Contact-Invariant-Optimization-for-Hand-Manipulation/01_overview.md,,,,,,,,,
CORE,"Manipulation, contact, tactile, and dexterity","Manipulation, contact, tactile, and dexterity",pr-0645,40,UNREAD,FULL_TEXT_CHECKED,2020,CVPR,GraspNet-1Billion: A Large-Scale Benchmark for General Object Grasping,./2020/CVPR/2020_CVPR_GraspNet-1Billion-A-Large-Scale-Benchmark-for-General-Obje/01_overview.md,,,,,,,,,
CORE,"Manipulation, contact, tactile, and dexterity","Manipulation, contact, tactile, and dexterity",pr-0646,41,UNREAD,FULL_TEXT_CHECKED,2021,ICRA,Contact-GraspNet: Efficient 6-DoF Grasp Generation in Cluttered Scenes,./2021/ICRA/2021_ICRA_Contact-GraspNet-Efficient-6-DoF-Grasp-Generation-in-Clutt/01_overview.md,,,,,,,,,
CORE,"Manipulation, contact, tactile, and dexterity","Manipulation, contact, tactile, and dexterity",pr-0736,42,UNREAD,FULL_TEXT_CHECKED,2022,RSS,Factory: Fast Contact for Robotic Assembly,./2022/RSS/2022_RSS_Factory-Fast-Contact-for-Robotic-Assembly/01_overview.md,,,,,,,,,
CORE,"Manipulation, contact, tactile, and dexterity","Manipulation, contact, tactile, and dexterity",pr-0647,43,UNREAD,FULL_TEXT_CHECKED,2023,T-RO,Global Planning for Contact-Rich Manipulation via Local Smoothing of Quasi-Dynamic Contact Models,./2023/T-RO/2023_T-RO_Global-Planning-for-Contact-Rich-Manipulation-via-Local-Sm/01_overview.md,,,,,,,,,
CORE,"Manipulation, contact, tactile, and dexterity","Manipulation, contact, tactile, and dexterity",pr-0648,44,UNREAD,FULL_TEXT_CHECKED,2024,RSS,Tactile-Driven Non-Prehensile Object Manipulation via Extrinsic Contact Mode Control,./2024/RSS/2024_RSS_Tactile-Driven-Non-Prehensile-Object-Manipulation-via-Extr/01_overview.md,,,,,,,,,
CORE,"Manipulation, contact, tactile, and dexterity","Manipulation, contact, tactile, and dexterity",pr-0649,45,UNREAD,FULL_TEXT_CHECKED,2024,RSS,RoboPack: Learning Tactile-Informed Dynamics Models for Dense Packing,./2024/RSS/2024_RSS_RoboPack-Learning-Tactile-Informed-Dynamics-Models-for-Den/01_overview.md,,,,,,,,,
CORE,"Manipulation, contact, tactile, and dexterity","Manipulation, contact, tactile, and dexterity",pr-0585,46,UNREAD,FULL_TEXT_CHECKED,2025,ICLR,DexTrack: Towards Generalizable Neural Tracking Control for Dexterous Manipulation from Human References,./2025/ICLR/2025_ICLR_DexTrack-Towards-Generalizable-Neural-Tracking-Control-for/01_overview.md,,,,,,,,,
CORE,VLA and generalist robot policies,VLA and generalist robot policies,pr-0005,47,UNREAD,FULL_TEXT_CHECKED,2021,ICML,Learning Transferable Visual Models From Natural Language Supervision,./2021/ICML/2021_ICML_Learning-Transferable-Visual-Models-From-Natural-Language/01_overview.md,,,,,,,,,
CORE,VLA and generalist robot policies,VLA and generalist robot policies,pr-0502,48,UNREAD,FULL_TEXT_CHECKED,2021,CoRL,CLIPort: What and Where Pathways for Robotic Manipulation,./2021/CoRL/2021_CoRL_CLIPort-What-and-Where-Pathways-for-Robotic-Manipulation/01_overview.md,,,,,,,,,
CORE,VLA and generalist robot policies,VLA and generalist robot policies,pr-0023,49,UNREAD,FULL_TEXT_CHECKED,2023,ICML,PaLM-E: An Embodied Multimodal Language Model,./2023/ICML/2023_ICML_PaLM-E-An-Embodied-Multimodal-Language-Model/01_overview.md,,,,,,,,,
CORE,VLA and generalist robot policies,VLA and generalist robot policies,pr-0021,50,UNREAD,FULL_TEXT_CHECKED,2022,arXiv,RT-1: Robotics Transformer for Real-World Control at Scale,./2022/arxiv/2022_arxiv_RT-1-Robotics-Transformer-for-Real-World-Control-at-Scale/01_overview.md,,,,,,,,,
CORE,VLA and generalist robot policies,VLA and generalist robot policies,pr-0022,51,UNREAD,FULL_TEXT_CHECKED,2023,CoRL,RT-2: Vision-Language-Action Models Transfer Web Knowledge to Robotic Control,./2023/CoRL/2023_CoRL_RT-2-Vision-Language-Action-Models-Transfer-Web-Knowledge/01_overview.md,,,,,,,,,
CORE,VLA and generalist robot policies,VLA and generalist robot policies,pr-0038,52,UNREAD,FULL_TEXT_CHECKED,2023,CoRL,VoxPoser: Composable 3D Value Maps for Robotic Manipulation with Language Models,./2023/CoRL/2023_CoRL_VoxPoser-Composable-3D-Value-Maps-for-Robotic-Manipulation/01_overview.md,,,,,,,,,
CORE,VLA and generalist robot policies,VLA and generalist robot policies,pr-0024,53,UNREAD,FULL_TEXT_CHECKED,2024,ICRA,Open X-Embodiment: Robotic Learning Datasets and RT-X Models,./2024/ICRA/2024_ICRA_Open-X-Embodiment-Robotic-Learning-Datasets-and-RT-X-Model/01_overview.md,,,,,,,,,
CORE,VLA and generalist robot policies,VLA and generalist robot policies,pr-0052,54,UNREAD,FULL_TEXT_CHECKED,2024,RSS,Octo: An Open-Source Generalist Robot Policy,./2024/RSS/2024_RSS_Octo-An-Open-Source-Generalist-Robot-Policy/01_overview.md,,,,,,,,,
CORE,VLA and generalist robot policies,VLA and generalist robot policies,pr-0051,55,UNREAD,FULL_TEXT_CHECKED,2024,CoRL,OpenVLA: An Open-Source Vision-Language-Action Model,./2024/CoRL/2024_CoRL_OpenVLA-An-Open-Source-Vision-Language-Action-Model/01_overview.md,,,,,,,,,
CORE,VLA and generalist robot policies,VLA and generalist robot policies,pr-0746,56,UNREAD,FULL_TEXT_CHECKED,2025,RSS,π0: A Vision-Language-Action Flow Model for General Robot Control,./2025/RSS/2025_RSS_pi0-A-Vision-Language-Action-Flow-Model-for-General-Robot/01_overview.md,,,,,,,,,
CORE,VLA and generalist robot policies,VLA and generalist robot policies,pr-0061,57,UNREAD,FULL_TEXT_CHECKED,2025,CoRL,π0.5: a Vision-Language-Action Model with Open-World Generalization,./2025/CoRL/2025_CoRL_pi0.5-a-Vision-Language-Action-Model-with-Open-World-Gener/01_overview.md,,,,,,,,,
CORE,Safety and robot world models,"World models, safety, uncertainty, and recovery",pr-0678,58,UNREAD,FULL_TEXT_CHECKED,2018,NeurIPS Workshop,World Models,./2018/NeurIPS-Workshop/2018_NeurIPS-Workshop_World-Models/01_overview.md,,,,,,,,,
CORE,Safety and robot world models,"World models, safety, uncertainty, and recovery",pr-0682,59,UNREAD,FULL_TEXT_CHECKED,2022,CoRL,DayDreamer: World Models for Physical Robot Learning,./2022/CoRL/2022_CoRL_DayDreamer-World-Models-for-Physical-Robot-Learning/01_overview.md,,,,,,,,,
CORE,Safety and robot world models,"World models, safety, uncertainty, and recovery",pr-0684,60,UNREAD,FULL_TEXT_CHECKED,2024,ICLR,"TD-MPC2: Scalable, Robust World Models for Continuous Control",./2024/ICLR/2024_ICLR_TD-MPC2-Scalable-Robust-World-Models-for-Continuous-Contro/01_overview.md,,,,,,,,,
CORE,Safety and robot world models,"World models, safety, uncertainty, and recovery",pr-0675,61,UNREAD,FULL_TEXT_CHECKED,2017,TAC,Control Barrier Function Based Quadratic Programs for Safety Critical Systems,./2017/TAC/2017_TAC_Control-Barrier-Function-Based-Quadratic-Programs-for-Safe/01_overview.md,,,,,,,,,
CORE,Safety and robot world models,"World models, safety, uncertainty, and recovery",pr-0677,62,UNREAD,FULL_TEXT_CHECKED,2020,RA-L,Recovery RL: Safe Reinforcement Learning with Learned Recovery Zones,./2020/RA-L/2020_RA-L_Recovery-RL-Safe-Reinforcement-Learning-with-Learned-Recov/01_overview.md,,,,,,,,,
CORE,"Locomotion, mobile manipulation, and humanoid systems","Locomotion, whole-body, mobile manipulation, and humanoids",pr-0828,63,UNREAD,ABSTRACT_CHECKED,2003,ICRA,Biped Walking Pattern Generation by using Preview Control of Zero-Moment Point,./2003/ICRA/2003_ICRA_Biped-Walking-Pattern-Generation-by-using-Preview-Control/01_overview.md,,,,,,,,,
CORE,"Locomotion, mobile manipulation, and humanoid systems","Locomotion, whole-body, mobile manipulation, and humanoids",pr-0851,64,UNREAD,ABSTRACT_CHECKED,2021,ACM Transactions on Graphics,AMP: Adversarial Motion Priors for Stylized Physics-Based Character Control,./2021/ACM-Transactions-on-Grap/2021_ACM-Transactions-on-Grap_AMP-Adversarial-Motion-Priors-for-Stylized-Physics-Based-C/01_overview.md,,,,,,,,,
CORE,"Locomotion, mobile manipulation, and humanoid systems","Locomotion, whole-body, mobile manipulation, and humanoids",pr-0564,65,UNREAD,FULL_TEXT_CHECKED,2021,RSS,RMA: Rapid Motor Adaptation for Legged Robots,./2021/RSS/2021_RSS_RMA-Rapid-Motor-Adaptation-for-Legged-Robots/01_overview.md,,,,,,,,,
CORE,"Locomotion, mobile manipulation, and humanoid systems","Locomotion, whole-body, mobile manipulation, and humanoids",pr-0656,66,UNREAD,FULL_TEXT_CHECKED,2022,Science Robotics,Learning Robust Perceptive Locomotion for Quadrupedal Robots in the Wild,./2022/Science-Robotics/2022_Science-Robotics_Learning-Robust-Perceptive-Locomotion-for-Quadrupedal-Robo/01_overview.md,,,,,,,,,
CORE,"Locomotion, mobile manipulation, and humanoid systems","Locomotion, whole-body, mobile manipulation, and humanoids",pr-0661,67,UNREAD,FULL_TEXT_CHECKED,2024,Science Robotics,ANYmal Parkour: Learning Agile Navigation for Quadrupedal Robots,./2024/Science-Robotics/2024_Science-Robotics_ANYmal-Parkour-Learning-Agile-Navigation-for-Quadrupedal-R/01_overview.md,,,,,,,,,
CORE,"Locomotion, mobile manipulation, and humanoid systems","Locomotion, whole-body, mobile manipulation, and humanoids",pr-0599,68,UNREAD,FULL_TEXT_CHECKED,2024,RSS,HumanoidBench: Simulated Humanoid Benchmark for Whole-Body Locomotion and Manipulation,./2024/RSS/2024_RSS_HumanoidBench-Simulated-Humanoid-Benchmark-for-Whole-Body/01_overview.md,,,,,,,,,
CORE,"Locomotion, mobile manipulation, and humanoid systems","Locomotion, whole-body, mobile manipulation, and humanoids",pr-0602,69,UNREAD,FULL_TEXT_CHECKED,2024,CoRL,OmniH2O: Universal and Dexterous Human-to-Humanoid Whole-Body Teleoperation and Learning,./2024/CoRL/2024_CoRL_OmniH2O-Universal-and-Dexterous-Human-to-Humanoid-Whole-Bo/01_overview.md,,,,,,,,,
CORE,"Locomotion, mobile manipulation, and humanoid systems","Locomotion, whole-body, mobile manipulation, and humanoids",pr-0574,70,UNREAD,FULL_TEXT_CHECKED,2024,CoRL,Mobile ALOHA: Learning Bimanual Mobile Manipulation using Low-Cost Whole-Body Teleoperation,./2024/CoRL/2024_CoRL_Mobile-ALOHA-Learning-Bimanual-Mobile-Manipulation-using-L/01_overview.md,,,,,,,,,
CORE,Robotics-enabling 3D perception,Robotics-enabling 3D perception,pr-0826,71,UNREAD,ABSTRACT_CHECKED,1992,IEEE Transactions on Pattern Analysis and Machine Intelligence,A Method for Registration of 3-D Shapes,./1992/IEEE-Transactions-on-Pat/1992_IEEE-Transactions-on-Pat_A-Method-for-Registration-of-3-D-Shapes/01_overview.md,,,,,,,,,
CORE,Robotics-enabling 3D perception,Robotics-enabling 3D perception,pr-0012,72,UNREAD,FULL_TEXT_CHECKED,2017,CVPR,PointNet: Deep Learning on Point Sets for 3D Classification and Segmentation,./2017/CVPR/2017_CVPR_PointNet-Deep-Learning-on-Point-Sets-for-3D-Classification/01_overview.md,,,,,,,,,
CORE,Robotics-enabling 3D perception,Robotics-enabling 3D perception,pr-0017,73,UNREAD,FULL_TEXT_CHECKED,2021,NeurIPS,"DROID-SLAM: Deep Visual SLAM for Monocular, Stereo, and RGB-D Cameras",./2021/NeurIPS/2021_NeurIPS_DROID-SLAM-Deep-Visual-SLAM-for-Monocular-Stereo-and-RGB-D/01_overview.md,,,,,,,,,
CORE,Robotics-enabling 3D perception,Robotics-enabling 3D perception,pr-0011,74,UNREAD,FULL_TEXT_CHECKED,2023,SIGGRAPH,3D Gaussian Splatting for Real-Time Radiance Field Rendering,./2023/SIGGRAPH/2023_SIGGRAPH_3D-Gaussian-Splatting-for-Real-Time-Radiance-Field-Renderi/01_overview.md,,,,,,,,,
CORE,Robotics-enabling 3D perception,Robotics-enabling 3D perception,pr-0030,75,UNREAD,FULL_TEXT_CHECKED,2023,RSS,ConceptFusion: Open-set Multimodal 3D Mapping,./2023/RSS/2023_RSS_ConceptFusion-Open-set-Multimodal-3D-Mapping/01_overview.md,,,,,,,,,
CORE,Robotics-enabling 3D perception,Robotics-enabling 3D perception,pr-0037,76,UNREAD,FULL_TEXT_CHECKED,2023,CoRL,RVT: Robotic View Transformer for 3D Object Manipulation,./2023/CoRL/2023_CoRL_RVT-Robotic-View-Transformer-for-3D-Object-Manipulation/01_overview.md,,,,,,,,,
CORE,Robotics-enabling 3D perception,Robotics-enabling 3D perception,pr-0046,77,UNREAD,FULL_TEXT_CHECKED,2024,CVPR,DUSt3R: Geometric 3D Vision Made Easy,./2024/CVPR/2024_CVPR_DUSt3R-Geometric-3D-Vision-Made-Easy/01_overview.md,,,,,,,,,
NEXT,"Planning, control, simulation, and TAMP extensions",Planning and control,pr-0832,1,UNREAD,ABSTRACT_CHECKED,2015,IJCAI,Logic-Geometric Programming: An Optimization-Based Approach to Combined Task and Motion Planning,./2015/IJCAI/2015_IJCAI_Logic-Geometric-Programming-An-Optimization-Based-Approach/01_overview.md,,,,,,,,,
NEXT,"Planning, control, simulation, and TAMP extensions",Planning and control,pr-0834,2,UNREAD,ABSTRACT_CHECKED,2018,The International Journal of Robotics Research,FFRob: Leveraging Symbolic Planning for Efficient Task and Motion Planning,./2018/The-International-Journa/2018_The-International-Journa_FFRob-Leveraging-Symbolic-Planning-for-Efficient-Task-and/01_overview.md,,,,,,,,,
NEXT,"Planning, control, simulation, and TAMP extensions",Planning and control,pr-0879,3,UNREAD,ABSTRACT_CHECKED,2025,RSS,Kinodynamic Trajectory Following with STELA: Simultaneous Trajectory Estimation & Local Adaptation,./2025/RSS/2025_RSS_Kinodynamic-Trajectory-Following-with-STELA-Simultaneous-T/01_overview.md,,,,,,,,,
NEXT,"Planning, control, simulation, and TAMP extensions",Planning and control,pr-0923,4,UNREAD,ABSTRACT_CHECKED,2025,AAAI,Instruction-Augmented Long-Horizon Planning: Embedding Grounding Mechanisms in Embodied Mobile Manipulation,./2025/AAAI/2025_AAAI_Instruction-Augmented-Long-Horizon-Planning-Embedding-Grou/01_overview.md,,,,,,,,,
NEXT,"Planning, control, simulation, and TAMP extensions",Planning and control,pr-0922,5,UNREAD,ABSTRACT_CHECKED,2025,AAAI,Neural Assembler: Learning to Generate Fine-Grained Robotic Assembly Instructions from Multi-View Images,./2025/AAAI/2025_AAAI_Neural-Assembler-Learning-to-Generate-Fine-Grained-Robotic/01_overview.md,,,,,,,,,
NEXT,"Planning, control, simulation, and TAMP extensions",Planning and control,pr-0195,6,UNREAD,FULL_TEXT_CHECKED,2026,ICRA,Open-Vocabulary Spatio-Temporal Scene Graph for Robot Perception and Teleoperation Planning,./2026/ICRA/2026_ICRA_Open-Vocabulary-Spatio-Temporal-Scene-Graph-for-Robot-Perc/01_overview.md,,,,,,,,,
NEXT,"Planning, control, simulation, and TAMP extensions",Planning and control,pr-0767,7,UNREAD,FULL_TEXT_CHECKED,2024,CVPR,Lookahead Exploration with Neural Radiance Representation for Continuous Vision-Language Navigation,./2024/CVPR/2024_CVPR_Lookahead-Exploration-with-Neural-Radiance-Representation/01_overview.md,,,,,,,,,
NEXT,"Planning, control, simulation, and TAMP extensions",Planning and control,pr-0288,8,UNREAD,FULL_TEXT_CHECKED,2025,IROS,FOCI: Trajectory Optimization on Gaussian Splats,./2025/IROS/2025_IROS_FOCI-Trajectory-Optimization-on-Gaussian-Splats/01_overview.md,,,,,,,,,
NEXT,"RL, IL, offline learning, and robot data","RL, IL, offline learning, and robot data",pr-0839,9,UNREAD,ABSTRACT_CHECKED,2022,NeurIPS,Behavior Transformers: Cloning k modes with one stone,./2022/NeurIPS/2022_NeurIPS_Behavior-Transformers-Cloning-k-modes-with-one-stone/01_overview.md,,,,,,,,,
NEXT,"RL, IL, offline learning, and robot data","RL, IL, offline learning, and robot data",pr-0842,10,UNREAD,ABSTRACT_CHECKED,2022,CoRL,R3M: A Universal Visual Representation for Robot Manipulation,./2022/CoRL/2022_CoRL_R3M-A-Universal-Visual-Representation-for-Robot-Manipulati/01_overview.md,,,,,,,,,
NEXT,"RL, IL, offline learning, and robot data","RL, IL, offline learning, and robot data",pr-0843,11,UNREAD,ABSTRACT_CHECKED,2023,arXiv,Where are we in the search for an Artificial Visual Cortex for Embodied Intelligence?,./2023/arXiv/2023_arXiv_Where-are-we-in-the-search-for-an-Artificial-Visual-Cortex/01_overview.md,,,,,,,,,
NEXT,"RL, IL, offline learning, and robot data","RL, IL, offline learning, and robot data",pr-0855,12,UNREAD,ABSTRACT_CHECKED,2018,ICLR,Maximum a Posteriori Policy Optimisation,./2018/ICLR/2018_ICLR_Maximum-a-Posteriori-Policy-Optimisation/01_overview.md,,,,,,,,,
NEXT,"RL, IL, offline learning, and robot data","RL, IL, offline learning, and robot data",pr-0856,13,UNREAD,ABSTRACT_CHECKED,2021,arXiv,MT-Opt: Continuous Multi-Task Robotic Reinforcement Learning at Scale,./2021/arXiv/2021_arXiv_MT-Opt-Continuous-Multi-Task-Robotic-Reinforcement-Learnin/01_overview.md,,,,,,,,,
NEXT,"RL, IL, offline learning, and robot data","RL, IL, offline learning, and robot data",pr-0861,14,UNREAD,ABSTRACT_CHECKED,2021,NeurIPS Datasets and Benchmarks,Isaac Gym: High Performance GPU Based Physics Simulation For Robot Learning,./2021/NeurIPS-Datasets-and-Ben/2021_NeurIPS-Datasets-and-Ben_Isaac-Gym-High-Performance-GPU-Based-Physics-Simulation-Fo/01_overview.md,,,,,,,,,
NEXT,"RL, IL, offline learning, and robot data","RL, IL, offline learning, and robot data",pr-0864,15,UNREAD,ABSTRACT_CHECKED,2024,ICLR,Eureka: Human-Level Reward Design via Coding Large Language Models,./2024/ICLR/2024_ICLR_Eureka-Human-Level-Reward-Design-via-Coding-Large-Language/01_overview.md,,,,,,,,,
NEXT,"RL, IL, offline learning, and robot data","RL, IL, offline learning, and robot data",pr-0865,16,UNREAD,ABSTRACT_CHECKED,2024,Robotics: Science and Systems,DrEureka: Language Model Guided Sim-To-Real Transfer,./2024/Robotics-Science-and-Sys/2024_Robotics-Science-and-Sys_DrEureka-Language-Model-Guided-Sim-To-Real-Transfer/01_overview.md,,,,,,,,,
NEXT,"RL, IL, offline learning, and robot data","RL, IL, offline learning, and robot data",pr-0616,17,UNREAD,FULL_TEXT_CHECKED,2016,ICLR,Continuous Control with Deep Reinforcement Learning,./2016/ICLR/2016_ICLR_Continuous-Control-with-Deep-Reinforcement-Learning/01_overview.md,,,,,,,,,
NEXT,"RL, IL, offline learning, and robot data","RL, IL, offline learning, and robot data",pr-0619,18,UNREAD,FULL_TEXT_CHECKED,2018,ICML,Addressing Function Approximation Error in Actor-Critic Methods,./2018/ICML/2018_ICML_Addressing-Function-Approximation-Error-in-Actor-Critic-Me/01_overview.md,,,,,,,,,
NEXT,"RL, IL, offline learning, and robot data","RL, IL, offline learning, and robot data",pr-0617,19,UNREAD,FULL_TEXT_CHECKED,2017,NeurIPS,Hindsight Experience Replay,./2017/NeurIPS/2017_NeurIPS_Hindsight-Experience-Replay/01_overview.md,,,,,,,,,
NEXT,"RL, IL, offline learning, and robot data","RL, IL, offline learning, and robot data",pr-0618,20,UNREAD,FULL_TEXT_CHECKED,2017,ICML,Constrained Policy Optimization,./2017/ICML/2017_ICML_Constrained-Policy-Optimization/01_overview.md,,,,,,,,,
NEXT,"RL, IL, offline learning, and robot data","RL, IL, offline learning, and robot data",pr-0622,21,UNREAD,FULL_TEXT_CHECKED,2020,NeurIPS,Conservative Q-Learning for Offline Reinforcement Learning,./2020/NeurIPS/2020_NeurIPS_Conservative-Q-Learning-for-Offline-Reinforcement-Learning/01_overview.md,,,,,,,,,
NEXT,"RL, IL, offline learning, and robot data","RL, IL, offline learning, and robot data",pr-0621,22,UNREAD,FULL_TEXT_CHECKED,2020,NeurIPS,MOPO: Model-based Offline Policy Optimization,./2020/NeurIPS/2020_NeurIPS_MOPO-Model-based-Offline-Policy-Optimization/01_overview.md,,,,,,,,,
NEXT,"RL, IL, offline learning, and robot data","RL, IL, offline learning, and robot data",pr-0623,23,UNREAD,FULL_TEXT_CHECKED,2021,NeurIPS,A Minimalist Approach to Offline Reinforcement Learning,./2021/NeurIPS/2021_NeurIPS_A-Minimalist-Approach-to-Offline-Reinforcement-Learning/01_overview.md,,,,,,,,,
NEXT,"RL, IL, offline learning, and robot data","RL, IL, offline learning, and robot data",pr-0633,24,UNREAD,FULL_TEXT_CHECKED,2018,RSS,Learning Complex Dexterous Manipulation with Deep Reinforcement Learning and Demonstrations,./2018/RSS/2018_RSS_Learning-Complex-Dexterous-Manipulation-with-Deep-Reinforc/01_overview.md,,,,,,,,,
NEXT,"RL, IL, offline learning, and robot data","RL, IL, offline learning, and robot data",pr-0634,25,UNREAD,FULL_TEXT_CHECKED,2020,CoRL,Learning Latent Plans from Play,./2020/CoRL/2020_CoRL_Learning-Latent-Plans-from-Play/01_overview.md,,,,,,,,,
NEXT,"RL, IL, offline learning, and robot data","RL, IL, offline learning, and robot data",pr-0635,26,UNREAD,FULL_TEXT_CHECKED,2020,CoRL,Relay Policy Learning: Solving Long-Horizon Tasks via Imitation and Reinforcement Learning,./2020/CoRL/2020_CoRL_Relay-Policy-Learning-Solving-Long-Horizon-Tasks-via-Imita/01_overview.md,,,,,,,,,
NEXT,"RL, IL, offline learning, and robot data","RL, IL, offline learning, and robot data",pr-0753,27,UNREAD,FULL_TEXT_CHECKED,2020,RA-L,RLBench: The Robot Learning Benchmark & Learning Environment,./2020/RA-L/2020_RA-L_RLBench-The-Robot-Learning-Benchmark-and-Learning-Environm/01_overview.md,,,,,,,,,
NEXT,"RL, IL, offline learning, and robot data","RL, IL, offline learning, and robot data",pr-0637,28,UNREAD,FULL_TEXT_CHECKED,2023,CoRL,MimicGen: A Data Generation System for Scalable Robot Learning using Human Demonstrations,./2023/CoRL/2023_CoRL_MimicGen-A-Data-Generation-System-for-Scalable-Robot-Learn/01_overview.md,,,,,,,,,
NEXT,"RL, IL, offline learning, and robot data","RL, IL, offline learning, and robot data",pr-0732,29,UNREAD,FULL_TEXT_CHECKED,2024,RSS,DROID: A Large-Scale In-The-Wild Robot Manipulation Dataset,./2024/RSS/2024_RSS_DROID-A-Large-Scale-In-The-Wild-Robot-Manipulation-Dataset/01_overview.md,,,,,,,,,
NEXT,"RL, IL, offline learning, and robot data","RL, IL, offline learning, and robot data",pr-0873,30,UNREAD,ABSTRACT_CHECKED,2024,RSS,Universal Manipulation Interface: In-The-Wild Robot Teaching Without In-The-Wild Robots,./2024/RSS/2024_RSS_Universal-Manipulation-Interface-In-The-Wild-Robot-Teachin/01_overview.md,,,,,,,,,
NEXT,"RL, IL, offline learning, and robot data","RL, IL, offline learning, and robot data",pr-0874,31,UNREAD,ABSTRACT_CHECKED,2024,ICRA,SERL: A Software Suite for Sample-Efficient Robotic Reinforcement Learning,./2024/ICRA/2024_ICRA_SERL-A-Software-Suite-for-Sample-Efficient-Robotic-Reinfor/01_overview.md,,,,,,,,,
NEXT,"RL, IL, offline learning, and robot data","RL, IL, offline learning, and robot data",pr-0875,32,UNREAD,ABSTRACT_CHECKED,2024,ICRA,Robot Fine-Tuning Made Easy: Pre-Training Rewards and Policies for Autonomous Real-World Reinforcement Learning,./2024/ICRA/2024_ICRA_Robot-Fine-Tuning-Made-Easy-Pre-Training-Rewards-and-Polic/01_overview.md,,,,,,,,,
NEXT,"RL, IL, offline learning, and robot data","RL, IL, offline learning, and robot data",pr-0886,33,UNREAD,ABSTRACT_CHECKED,2025,RSS,RLDG: Robotic Generalist Policy Distillation via Reinforcement Learning,./2025/RSS/2025_RSS_RLDG-Robotic-Generalist-Policy-Distillation-via-Reinforcem/01_overview.md,,,,,,,,,
NEXT,"RL, IL, offline learning, and robot data","RL, IL, offline learning, and robot data",pr-0887,34,UNREAD,ABSTRACT_CHECKED,2025,RSS,Demonstrating GPU Parallelized Robot Simulation and Rendering for Generalizable Embodied AI with ManiSkill3,./2025/RSS/2025_RSS_Demonstrating-GPU-Parallelized-Robot-Simulation-and-Render/01_overview.md,,,,,,,,,
NEXT,"RL, IL, offline learning, and robot data","RL, IL, offline learning, and robot data",pr-0888,35,UNREAD,ABSTRACT_CHECKED,2025,RSS,"RoboVerse: A Unified Platform, Benchmark and Dataset for Scalable and Generalizable Robot Learning",./2025/RSS/2025_RSS_RoboVerse-A-Unified-Platform-Benchmark-and-Dataset-for-Sca/01_overview.md,,,,,,,,,
NEXT,"RL, IL, offline learning, and robot data","RL, IL, offline learning, and robot data",pr-0899,36,UNREAD,ABSTRACT_CHECKED,2025,RSS,DexWild: Dexterous Human Interactions for In-the-Wild Robot Policies,./2025/RSS/2025_RSS_DexWild-Dexterous-Human-Interactions-for-In-the-Wild-Robot/01_overview.md,,,,,,,,,
NEXT,"RL, IL, offline learning, and robot data","RL, IL, offline learning, and robot data",pr-0902,37,UNREAD,ABSTRACT_CHECKED,2025,RSS,Dex1B: Learning with 1B Demonstrations for Dexterous Manipulation,./2025/RSS/2025_RSS_Dex1B-Learning-with-1B-Demonstrations-for-Dexterous-Manipu/01_overview.md,,,,,,,,,
NEXT,"RL, IL, offline learning, and robot data","RL, IL, offline learning, and robot data",pr-0903,38,UNREAD,ABSTRACT_CHECKED,2025,RSS,Sim-and-Real Co-Training: A Simple Recipe for Vision-Based Robotic Manipulation,./2025/RSS/2025_RSS_Sim-and-Real-Co-Training-A-Simple-Recipe-for-Vision-Based/01_overview.md,,,,,,,,,
NEXT,"RL, IL, offline learning, and robot data","RL, IL, offline learning, and robot data",pr-0906,39,UNREAD,ABSTRACT_CHECKED,2025,RSS,Novel Demonstration Generation with Gaussian Splatting Enables Robust One-Shot Manipulation,./2025/RSS/2025_RSS_Novel-Demonstration-Generation-with-Gaussian-Splatting-Ena/01_overview.md,,,,,,,,,
NEXT,"RL, IL, offline learning, and robot data","RL, IL, offline learning, and robot data",pr-0908,40,UNREAD,ABSTRACT_CHECKED,2025,RSS,You Only Teach Once: Learn One-Shot Bimanual Robotic Manipulation from Video Demonstrations,./2025/RSS/2025_RSS_You-Only-Teach-Once-Learn-One-Shot-Bimanual-Robotic-Manipu/01_overview.md,,,,,,,,,
NEXT,"RL, IL, offline learning, and robot data","RL, IL, offline learning, and robot data",pr-0910,41,UNREAD,ABSTRACT_CHECKED,2025,RSS,RoboMIND: Benchmark on Multi-embodiment Intelligence Normative Data for Robot Manipulation,./2025/RSS/2025_RSS_RoboMIND-Benchmark-on-Multi-embodiment-Intelligence-Normat/01_overview.md,,,,,,,,,
NEXT,"RL, IL, offline learning, and robot data","RL, IL, offline learning, and robot data",pr-0911,42,UNREAD,ABSTRACT_CHECKED,2025,RSS,Bridging Perception and Action: Spatially-Grounded Mid-Level Representations for Robot Generalization,./2025/RSS/2025_RSS_Bridging-Perception-and-Action-Spatially-Grounded-Mid-Leve/01_overview.md,,,,,,,,,
NEXT,"RL, IL, offline learning, and robot data","RL, IL, offline learning, and robot data",pr-0912,43,UNREAD,ABSTRACT_CHECKED,2025,RSS,DemoGen: Synthetic Demonstration Generation for Data-Efficient Visuomotor Policy Learning,./2025/RSS/2025_RSS_DemoGen-Synthetic-Demonstration-Generation-for-Data-Effici/01_overview.md,,,,,,,,,
NEXT,"RL, IL, offline learning, and robot data","RL, IL, offline learning, and robot data",pr-0913,44,UNREAD,ABSTRACT_CHECKED,2025,IROS,AgiBot World Colosseo: A Large-scale Manipulation Platform for Scalable and Intelligent Embodied Systems,./2025/IROS/2025_IROS_AgiBot-World-Colosseo-A-Large-scale-Manipulation-Platform/01_overview.md,,,,,,,,,
NEXT,"RL, IL, offline learning, and robot data","RL, IL, offline learning, and robot data",pr-0914,45,UNREAD,ABSTRACT_CHECKED,2024,arXiv,Precise and Dexterous Robotic Manipulation via Human-in-the-Loop Reinforcement Learning,./2024/arXiv/2024_arXiv_Precise-and-Dexterous-Robotic-Manipulation-via-Human-in-th/01_overview.md,,,,,,,,,
NEXT,"RL, IL, offline learning, and robot data","RL, IL, offline learning, and robot data",pr-0920,46,UNREAD,ABSTRACT_CHECKED,2026,AAAI,MP1: MeanFlow Tames Policy Learning in 1-step for Robotic Manipulation,./2026/AAAI/2026_AAAI_MP1-MeanFlow-Tames-Policy-Learning-in-1-step-for-Robotic-M/01_overview.md,,,,,,,,,
NEXT,"Contact-rich, deformable, force, and dexterous manipulation","Manipulation, contact, tactile, and dexterity",pr-0840,47,UNREAD,ABSTRACT_CHECKED,2018,CoRL,Dense Object Nets: Learning Dense Visual Object Descriptors By and For Robotic Manipulation,./2018/CoRL/2018_CoRL_Dense-Object-Nets-Learning-Dense-Visual-Object-Descriptors/01_overview.md,,,,,,,,,
NEXT,"Contact-rich, deformable, force, and dexterous manipulation","Manipulation, contact, tactile, and dexterity",pr-0716,48,UNREAD,FULL_TEXT_CHECKED,2022,RA-L,UMPNet: Universal Manipulation Policy Network for Articulated Objects,./2022/RA-L/2022_RA-L_UMPNet-Universal-Manipulation-Policy-Network-for-Articulat/01_overview.md,,,,,,,,,
NEXT,"Contact-rich, deformable, force, and dexterous manipulation","Manipulation, contact, tactile, and dexterity",pr-0538,49,UNREAD,FULL_TEXT_CHECKED,2023,CoRL,Distilled Feature Fields Enable Few-Shot Language-Guided Manipulation,./2023/CoRL/2023_CoRL_Distilled-Feature-Fields-Enable-Few-Shot-Language-Guided-M/01_overview.md,,,,,,,,,
NEXT,"Contact-rich, deformable, force, and dexterous manipulation","Manipulation, contact, tactile, and dexterity",pr-0262,50,UNREAD,FULL_TEXT_CHECKED,2024,RA-L,GaussianGrasper: 3D Language Gaussian Splatting for Open-vocabulary Robotic Grasping,./2024/RA-L/2024_RA-L_GaussianGrasper-3D-Language-Gaussian-Splatting-for-Open-vo/01_overview.md,,,,,,,,,
NEXT,"Contact-rich, deformable, force, and dexterous manipulation","Manipulation, contact, tactile, and dexterity",pr-0208,51,UNREAD,FULL_TEXT_CHECKED,2024,ECCV,ManiGaussian: Dynamic Gaussian Splatting for Multi-task Robotic Manipulation,./2024/ECCV/2024_ECCV_ManiGaussian-Dynamic-Gaussian-Splatting-for-Multi-task-Rob/01_overview.md,,,,,,,,,
NEXT,"Contact-rich, deformable, force, and dexterous manipulation","Manipulation, contact, tactile, and dexterity",pr-0176,52,UNREAD,FULL_TEXT_CHECKED,2025,ICRA,Gaussian Splatting Visual MPC for Granular Media Manipulation,./2025/ICRA/2025_ICRA_Gaussian-Splatting-Visual-MPC-for-Granular-Media-Manipulat/01_overview.md,,,,,,,,,
NEXT,"Contact-rich, deformable, force, and dexterous manipulation","Manipulation, contact, tactile, and dexterity",pr-0177,53,UNREAD,FULL_TEXT_CHECKED,2025,ICRA,Persistent Object Gaussian Splat (POGS) for Tracking Human and Robot Manipulation of Irregularly Shaped Objects,./2025/ICRA/2025_ICRA_Persistent-Object-Gaussian-Splat-POGS-for-Tracking-Human-a/01_overview.md,,,,,,,,,
NEXT,"Contact-rich, deformable, force, and dexterous manipulation","Manipulation, contact, tactile, and dexterity",pr-0849,54,UNREAD,ABSTRACT_CHECKED,2020,IEEE Robotics and Automation Letters,DIGIT: A Novel Design for a Low-Cost Compact High-Resolution Tactile Sensor with Application to In-Hand Manipulation,./2020/IEEE-Robotics-and-Automa/2020_IEEE-Robotics-and-Automa_DIGIT-A-Novel-Design-for-a-Low-Cost-Compact-High-Resolutio/01_overview.md,,,,,,,,,
NEXT,"Contact-rich, deformable, force, and dexterous manipulation","Manipulation, contact, tactile, and dexterity",pr-0866,55,UNREAD,ABSTRACT_CHECKED,2023,ICRA,DeXtreme: Transfer of Agile In-hand Manipulation from Simulation to Reality,./2023/ICRA/2023_ICRA_DeXtreme-Transfer-of-Agile-In-hand-Manipulation-from-Simul/01_overview.md,,,,,,,,,
NEXT,"Contact-rich, deformable, force, and dexterous manipulation","Manipulation, contact, tactile, and dexterity",pr-0643,56,UNREAD,FULL_TEXT_CHECKED,2014,ICRA,Control-Limited Differential Dynamic Programming,./2014/ICRA/2014_ICRA_Control-Limited-Differential-Dynamic-Programming/01_overview.md,,,,,,,,,
NEXT,"Contact-rich, deformable, force, and dexterous manipulation","Manipulation, contact, tactile, and dexterity",pr-0644,57,UNREAD,FULL_TEXT_CHECKED,2019,RSS,In-Hand Manipulation via Motion Cones,./2019/RSS/2019_RSS_In-Hand-Manipulation-via-Motion-Cones/01_overview.md,,,,,,,,,
NEXT,"Contact-rich, deformable, force, and dexterous manipulation","Manipulation, contact, tactile, and dexterity",pr-0650,58,UNREAD,FULL_TEXT_CHECKED,2024,RSS,Towards Tight Convex Relaxations for Contact-Rich Manipulation,./2024/RSS/2024_RSS_Towards-Tight-Convex-Relaxations-for-Contact-Rich-Manipula/01_overview.md,,,,,,,,,
NEXT,"Contact-rich, deformable, force, and dexterous manipulation","Manipulation, contact, tactile, and dexterity",pr-0651,59,UNREAD,FULL_TEXT_CHECKED,2025,RSS,Physics-Driven Data Generation for Contact-Rich Manipulation via Trajectory Optimization,./2025/RSS/2025_RSS_Physics-Driven-Data-Generation-for-Contact-Rich-Manipulati/01_overview.md,,,,,,,,,
NEXT,"Contact-rich, deformable, force, and dexterous manipulation","Manipulation, contact, tactile, and dexterity",pr-0652,60,UNREAD,FULL_TEXT_CHECKED,2025,RSS,Complementarity-Free Multi-Contact Modeling and Optimization for Dexterous Manipulation,./2025/RSS/2025_RSS_Complementarity-Free-Multi-Contact-Modeling-and-Optimizati/01_overview.md,,,,,,,,,
NEXT,"Contact-rich, deformable, force, and dexterous manipulation","Manipulation, contact, tactile, and dexterity",pr-0738,61,UNREAD,FULL_TEXT_CHECKED,2020,CoRL,SoftGym: Benchmarking Deep Reinforcement Learning for Deformable Object Manipulation,./2020/CoRL/2020_CoRL_SoftGym-Benchmarking-Deep-Reinforcement-Learning-for-Defor/01_overview.md,,,,,,,,,
NEXT,"Contact-rich, deformable, force, and dexterous manipulation","Manipulation, contact, tactile, and dexterity",pr-0741,62,UNREAD,FULL_TEXT_CHECKED,2022,ICLR,DiffSkill: Skill Abstraction from Differentiable Physics for Deformable Object Manipulations with Tools,./2022/ICLR/2022_ICLR_DiffSkill-Skill-Abstraction-from-Differentiable-Physics-fo/01_overview.md,,,,,,,,,
NEXT,"Contact-rich, deformable, force, and dexterous manipulation","Manipulation, contact, tactile, and dexterity",pr-0503,63,UNREAD,FULL_TEXT_CHECKED,2021,CoRL,Neural Descriptor Fields: SE(3)-Equivariant Object Representations for Manipulation,./2021/CoRL/2021_CoRL_Neural-Descriptor-Fields-SE3-Equivariant-Object-Representa/01_overview.md,,,,,,,,,
NEXT,"Contact-rich, deformable, force, and dexterous manipulation","Manipulation, contact, tactile, and dexterity",pr-0761,64,UNREAD,FULL_TEXT_CHECKED,2024,CVPR,Diffusion-EDFs: Bi-equivariant Denoising Generative Modeling on SE(3) for Visual Robotic Manipulation,./2024/CVPR/2024_CVPR_Diffusion-EDFs-Bi-equivariant-Denoising-Generative-Modelin/01_overview.md,,,,,,,,,
NEXT,"Contact-rich, deformable, force, and dexterous manipulation","Manipulation, contact, tactile, and dexterity",pr-0737,65,UNREAD,FULL_TEXT_CHECKED,2023,RSS,IndustReal: Transferring Contact-Rich Assembly Tasks from Simulation to Reality,./2023/RSS/2023_RSS_IndustReal-Transferring-Contact-Rich-Assembly-Tasks-from-S/01_overview.md,,,,,,,,,
NEXT,"Contact-rich, deformable, force, and dexterous manipulation","Manipulation, contact, tactile, and dexterity",pr-0711,66,UNREAD,FULL_TEXT_CHECKED,2024,CVPR,Binding Touch to Everything: Learning Unified Multimodal Tactile Representations,./2024/CVPR/2024_CVPR_Binding-Touch-to-Everything-Learning-Unified-Multimodal-Ta/01_overview.md,,,,,,,,,
NEXT,"Contact-rich, deformable, force, and dexterous manipulation","Manipulation, contact, tactile, and dexterity",pr-0076,67,UNREAD,FULL_TEXT_CHECKED,2025,ICLR,DenseMatcher: Learning 3D Semantic Correspondence for Category-Level Manipulation from a Single Demo,./2025/ICLR/2025_ICLR_DenseMatcher-Learning-3D-Semantic-Correspondence-for-Categ/01_overview.md,,,,,,,,,
NEXT,"Contact-rich, deformable, force, and dexterous manipulation","Manipulation, contact, tactile, and dexterity",pr-0345,68,UNREAD,FULL_TEXT_CHECKED,2025,CVPR,G3Flow: Generative 3D Semantic Flow for Pose-aware and Generalizable Object Manipulation,./2025/CVPR/2025_CVPR_G3Flow-Generative-3D-Semantic-Flow-for-Pose-aware-and-Gene/01_overview.md,,,,,,,,,
NEXT,"Contact-rich, deformable, force, and dexterous manipulation","Manipulation, contact, tactile, and dexterity",pr-0751,69,UNREAD,FULL_TEXT_CHECKED,2025,RSS,Reactive Diffusion Policy: Slow-Fast Visual-Tactile Policy Learning for Contact-Rich Manipulation,./2025/RSS/2025_RSS_Reactive-Diffusion-Policy-Slow-Fast-Visual-Tactile-Policy/01_overview.md,,,,,,,,,
NEXT,"Contact-rich, deformable, force, and dexterous manipulation","Manipulation, contact, tactile, and dexterity",pr-0690,70,UNREAD,FULL_TEXT_CHECKED,2026,CVPR,AT-VLA: Adaptive Tactile Injection for Enhanced Feedback Reaction in Vision-Language-Action Models,./2026/CVPR/2026_CVPR_AT-VLA-Adaptive-Tactile-Injection-for-Enhanced-Feedback-Re/01_overview.md,,,,,,,,,
NEXT,"Contact-rich, deformable, force, and dexterous manipulation","Manipulation, contact, tactile, and dexterity",pr-0691,71,UNREAD,FULL_TEXT_CHECKED,2026,CVPR,ForceVLA2: Unleashing Hybrid Force-Position Control with Force Awareness for Contact-Rich Manipulation,./2026/CVPR/2026_CVPR_ForceVLA2-Unleashing-Hybrid-Force-Position-Control-with-Fo/01_overview.md,,,,,,,,,
NEXT,"Contact-rich, deformable, force, and dexterous manipulation","Manipulation, contact, tactile, and dexterity",pr-0686,72,UNREAD,FULL_TEXT_CHECKED,2026,CVPR,Dexterous World Models,./2026/CVPR/2026_CVPR_Dexterous-World-Models/01_overview.md,,,,,,,,,
NEXT,"Contact-rich, deformable, force, and dexterous manipulation","Manipulation, contact, tactile, and dexterity",pr-0105,73,UNREAD,FULL_TEXT_CHECKED,2026,ICLR,EquAct: An SE(3)-Equivariant Multi-Task Transformer for 3D Robotic Manipulation,./2026/ICLR/2026_ICLR_EquAct-An-SE3-Equivariant-Multi-Task-Transformer-for-3D-Ro/01_overview.md,,,,,,,,,
NEXT,"Contact-rich, deformable, force, and dexterous manipulation","Manipulation, contact, tactile, and dexterity",pr-0815,74,UNREAD,FULL_TEXT_CHECKED,2026,ICML,"Tabero: Learning Gentle Manipulation with Closed-Loop Force Feedback from Vision, Touch, and Language",./2026/ICML/2026_ICML_Tabero-Learning-Gentle-Manipulation-with-Closed-Loop-Force/01_overview.md,,,,,,,,,
NEXT,"Contact-rich, deformable, force, and dexterous manipulation","Manipulation, contact, tactile, and dexterity",pr-0818,75,UNREAD,FULL_TEXT_CHECKED,2026,RSS,TactAlign: Human-to-Robot Policy Transfer via Tactile Alignment,./2026/RSS/2026_RSS_TactAlign-Human-to-Robot-Policy-Transfer-via-Tactile-Align/01_overview.md,,,,,,,,,
NEXT,"Contact-rich, deformable, force, and dexterous manipulation","Manipulation, contact, tactile, and dexterity",pr-0820,76,UNREAD,FULL_TEXT_CHECKED,2026,RSS,DexterityGen: Foundation Controller for Unprecedented Dexterity,./2026/RSS/2026_RSS_DexterityGen-Foundation-Controller-for-Unprecedented-Dexte/01_overview.md,,,,,,,,,
NEXT,"Contact-rich, deformable, force, and dexterous manipulation","Manipulation, contact, tactile, and dexterity",pr-0892,77,UNREAD,ABSTRACT_CHECKED,2025,RSS,V-HOP: Visuo-Haptic 6D Object Pose Tracking,./2025/RSS/2025_RSS_V-HOP-Visuo-Haptic-6D-Object-Pose-Tracking/01_overview.md,,,,,,,,,
NEXT,"Contact-rich, deformable, force, and dexterous manipulation","Manipulation, contact, tactile, and dexterity",pr-0893,78,UNREAD,ABSTRACT_CHECKED,2025,RSS,PP-Tac: Paper Picking Using Omnidirectional Tactile Feedback in Dexterous Robotic Hands,./2025/RSS/2025_RSS_PP-Tac-Paper-Picking-Using-Omnidirectional-Tactile-Feedbac/01_overview.md,,,,,,,,,
NEXT,"Contact-rich, deformable, force, and dexterous manipulation","Manipulation, contact, tactile, and dexterity",pr-0894,79,UNREAD,ABSTRACT_CHECKED,2025,RSS,GeoDEx: A Unified Geometric Framework for Tactile Dexterous and Extrinsic Manipulation under Force Uncertainty,./2025/RSS/2025_RSS_GeoDEx-A-Unified-Geometric-Framework-for-Tactile-Dexterous/01_overview.md,,,,,,,,,
NEXT,"Contact-rich, deformable, force, and dexterous manipulation","Manipulation, contact, tactile, and dexterity",pr-0895,80,UNREAD,ABSTRACT_CHECKED,2025,RSS,Demonstrating REASSEMBLE: A Multimodal Dataset for Contact-rich Robotic Assembly and Disassembly,./2025/RSS/2025_RSS_Demonstrating-REASSEMBLE-A-Multimodal-Dataset-for-Contact/01_overview.md,,,,,,,,,
NEXT,"Contact-rich, deformable, force, and dexterous manipulation","Manipulation, contact, tactile, and dexterity",pr-0896,81,UNREAD,ABSTRACT_CHECKED,2025,RSS,Robust Peg-in-Hole Assembly under Uncertainties via Compliant and Interactive Contact-Rich Manipulation,./2025/RSS/2025_RSS_Robust-Peg-in-Hole-Assembly-under-Uncertainties-via-Compli/01_overview.md,,,,,,,,,
NEXT,"Contact-rich, deformable, force, and dexterous manipulation","Manipulation, contact, tactile, and dexterity",pr-0901,82,UNREAD,ABSTRACT_CHECKED,2025,RSS,FACTR: Force-Attending Curriculum Training for Contact-Rich Policy Learning,./2025/RSS/2025_RSS_FACTR-Force-Attending-Curriculum-Training-for-Contact-Rich/01_overview.md,,,,,,,,,
NEXT,"Contact-rich, deformable, force, and dexterous manipulation","Manipulation, contact, tactile, and dexterity",pr-0904,83,UNREAD,ABSTRACT_CHECKED,2025,RSS,CordViP: Correspondence-based Visuomotor Policy for Dexterous Manipulation in Real-World,./2025/RSS/2025_RSS_CordViP-Correspondence-based-Visuomotor-Policy-for-Dextero/01_overview.md,,,,,,,,,
NEXT,"Contact-rich, deformable, force, and dexterous manipulation","Manipulation, contact, tactile, and dexterity",pr-0924,84,UNREAD,ABSTRACT_CHECKED,2025,AAAI,FlowPolicy: Enabling Fast and Robust 3D Flow-Based Policy via Consistency Flow Matching for Robot Manipulation,./2025/AAAI/2025_AAAI_FlowPolicy-Enabling-Fast-and-Robust-3D-Flow-Based-Policy-v/01_overview.md,,,,,,,,,
NEXT,"Contact-rich, deformable, force, and dexterous manipulation","Manipulation, contact, tactile, and dexterity",pr-0710,85,UNREAD,FULL_TEXT_CHECKED,2024,CoRL,Sparsh: Self-supervised touch representations for vision-based tactile sensing,./2024/CoRL/2024_CoRL_Sparsh-Self-supervised-touch-representations-for-vision-ba/01_overview.md,,,,,,,,,
NEXT,"Contact-rich, deformable, force, and dexterous manipulation","Manipulation, contact, tactile, and dexterity",pr-0709,86,UNREAD,FULL_TEXT_CHECKED,2024,RSS,Octopi: Object Property Reasoning with Large Tactile-Language Models,./2024/RSS/2024_RSS_Octopi-Object-Property-Reasoning-with-Large-Tactile-Langua/01_overview.md,,,,,,,,,
NEXT,"Contact-rich, deformable, force, and dexterous manipulation","Manipulation, contact, tactile, and dexterity",pr-0729,87,UNREAD,FULL_TEXT_CHECKED,2024,CoRL,OPEN TEACH: A Versatile Teleoperation System for Robotic Manipulation,./2024/CoRL/2024_CoRL_OPEN-TEACH-A-Versatile-Teleoperation-System-for-Robotic-Ma/01_overview.md,,,,,,,,,
NEXT,"VLA, cross-embodiment, and long-horizon planning",VLA and generalist robot policies,pr-0857,88,UNREAD,ABSTRACT_CHECKED,2022,arXiv,A Generalist Agent,./2022/arXiv/2022_arXiv_A-Generalist-Agent/01_overview.md,,,,,,,,,
NEXT,"VLA, cross-embodiment, and long-horizon planning",VLA and generalist robot policies,pr-0858,89,UNREAD,ABSTRACT_CHECKED,2024,arXiv,AutoRT: Embodied Foundation Models for Large Scale Orchestration of Robotic Agents,./2024/arXiv/2024_arXiv_AutoRT-Embodied-Foundation-Models-for-Large-Scale-Orchestr/01_overview.md,,,,,,,,,
NEXT,"VLA, cross-embodiment, and long-horizon planning",VLA and generalist robot policies,pr-0859,90,UNREAD,ABSTRACT_CHECKED,2024,Robotics: Science and Systems,RT-H: Action Hierarchies Using Language,./2024/Robotics-Science-and-Sys/2024_Robotics-Science-and-Sys_RT-H-Action-Hierarchies-Using-Language/01_overview.md,,,,,,,,,
NEXT,"VLA, cross-embodiment, and long-horizon planning",VLA and generalist robot policies,pr-0860,91,UNREAD,ABSTRACT_CHECKED,2025,arXiv,Gemini Robotics: Bringing AI into the Physical World,./2025/arXiv/2025_arXiv_Gemini-Robotics-Bringing-AI-into-the-Physical-World/01_overview.md,,,,,,,,,
NEXT,"VLA, cross-embodiment, and long-horizon planning",VLA and generalist robot policies,pr-0869,92,UNREAD,ABSTRACT_CHECKED,2025,arXiv,NVIDIA Isaac GR00T N1: An Open Foundation Model for Humanoid Robots,./2025/arXiv/2025_arXiv_NVIDIA-Isaac-GR00T-N1-An-Open-Foundation-Model-for-Humanoi/01_overview.md,,,,,,,,,
NEXT,"VLA, cross-embodiment, and long-horizon planning",VLA and generalist robot policies,pr-0536,93,UNREAD,FULL_TEXT_CHECKED,2022,CoRL,BC-Z: Zero-Shot Task Generalization with Robotic Imitation Learning,./2022/CoRL/2022_CoRL_BC-Z-Zero-Shot-Task-Generalization-with-Robotic-Imitation/01_overview.md,,,,,,,,,
NEXT,"VLA, cross-embodiment, and long-horizon planning",VLA and generalist robot policies,pr-0036,94,UNREAD,FULL_TEXT_CHECKED,2023,CoRL,Perceiver-Actor: A Multi-Task Transformer for Robotic Manipulation,./2023/CoRL/2023_CoRL_Perceiver-Actor-A-Multi-Task-Transformer-for-Robotic-Manip/01_overview.md,,,,,,,,,
NEXT,"VLA, cross-embodiment, and long-horizon planning",VLA and generalist robot policies,pr-0040,95,UNREAD,FULL_TEXT_CHECKED,2023,ICML,VIMA: General Robot Manipulation with Multimodal Prompts,./2023/ICML/2023_ICML_VIMA-General-Robot-Manipulation-with-Multimodal-Prompts/01_overview.md,,,,,,,,,
NEXT,"VLA, cross-embodiment, and long-horizon planning",VLA and generalist robot policies,pr-0718,96,UNREAD,FULL_TEXT_CHECKED,2022,CoRL,Inner Monologue: Embodied Reasoning through Planning with Language Models,./2022/CoRL/2022_CoRL_Inner-Monologue-Embodied-Reasoning-through-Planning-with-L/01_overview.md,,,,,,,,,
NEXT,"VLA, cross-embodiment, and long-horizon planning",VLA and generalist robot policies,pr-0720,97,UNREAD,FULL_TEXT_CHECKED,2023,CoRL,SayPlan: Grounding Large Language Models using 3D Scene Graphs for Scalable Robot Task Planning,./2023/CoRL/2023_CoRL_SayPlan-Grounding-Large-Language-Models-using-3D-Scene-Gra/01_overview.md,,,,,,,,,
NEXT,"VLA, cross-embodiment, and long-horizon planning",VLA and generalist robot policies,pr-0725,98,UNREAD,FULL_TEXT_CHECKED,2023,CoRL,XSkill: Cross Embodiment Skill Discovery,./2023/CoRL/2023_CoRL_XSkill-Cross-Embodiment-Skill-Discovery/01_overview.md,,,,,,,,,
NEXT,"VLA, cross-embodiment, and long-horizon planning",VLA and generalist robot policies,pr-0724,99,UNREAD,FULL_TEXT_CHECKED,2024,NeurIPS,Scaling Proprioceptive-Visual Learning with Heterogeneous Pre-trained Transformers,./2024/NeurIPS/2024_NeurIPS_Scaling-Proprioceptive-Visual-Learning-with-Heterogeneous/01_overview.md,,,,,,,,,
NEXT,"VLA, cross-embodiment, and long-horizon planning",VLA and generalist robot policies,pr-0749,100,UNREAD,FULL_TEXT_CHECKED,2025,RSS,FAST: Efficient Action Tokenization for Vision-Language-Action Models,./2025/RSS/2025_RSS_FAST-Efficient-Action-Tokenization-for-Vision-Language-Act/01_overview.md,,,,,,,,,
NEXT,"VLA, cross-embodiment, and long-horizon planning",VLA and generalist robot policies,pr-0750,101,UNREAD,FULL_TEXT_CHECKED,2025,RSS,Fine-Tuning Vision-Language-Action Models: Optimizing Speed and Success,./2025/RSS/2025_RSS_Fine-Tuning-Vision-Language-Action-Models-Optimizing-Speed/01_overview.md,,,,,,,,,
NEXT,"VLA, cross-embodiment, and long-horizon planning",VLA and generalist robot policies,pr-0692,102,UNREAD,FULL_TEXT_CHECKED,2026,CVPR,AtomicVLA: Unlocking the Potential of Atomic Skill Learning in Robots,./2026/CVPR/2026_CVPR_AtomicVLA-Unlocking-the-Potential-of-Atomic-Skill-Learning/01_overview.md,,,,,,,,,
NEXT,"VLA, cross-embodiment, and long-horizon planning",VLA and generalist robot policies,pr-0695,103,UNREAD,FULL_TEXT_CHECKED,2026,CVPR,PALM: Progress-Aware Policy Learning via Affordance Reasoning for Long-Horizon Robotic Manipulation,./2026/CVPR/2026_CVPR_PALM-Progress-Aware-Policy-Learning-via-Affordance-Reasoni/01_overview.md,,,,,,,,,
NEXT,"VLA, cross-embodiment, and long-horizon planning",VLA and generalist robot policies,pr-0795,104,UNREAD,FULL_TEXT_CHECKED,2026,CVPR,ActiveVLA: Injecting Active Perception into Vision-Language-Action Models for Precise 3D Robotic Manipulation,./2026/CVPR/2026_CVPR_ActiveVLA-Injecting-Active-Perception-into-Vision-Language/01_overview.md,,,,,,,,,
NEXT,"VLA, cross-embodiment, and long-horizon planning",VLA and generalist robot policies,pr-0156,105,UNREAD,FULL_TEXT_CHECKED,2026,ICML,Spatial Memory for Out-of-Vision Manipulation in Vision-Language-Action,./2026/ICML/2026_ICML_Spatial-Memory-for-Out-of-Vision-Manipulation-in-Vision-La/01_overview.md,,,,,,,,,
NEXT,"VLA, cross-embodiment, and long-horizon planning",VLA and generalist robot policies,pr-0693,106,UNREAD,FULL_TEXT_CHECKED,2026,CVPR,Counterfactual VLA: Self-Reflective Vision-Language-Action Model with Adaptive Reasoning,./2026/CVPR/2026_CVPR_Counterfactual-VLA-Self-Reflective-Vision-Language-Action/01_overview.md,,,,,,,,,
NEXT,"VLA, cross-embodiment, and long-horizon planning",VLA and generalist robot policies,pr-0168,107,UNREAD,FULL_TEXT_CHECKED,2026,ICML,Any3D-VLA: Enhancing VLA Robustness via Diverse Point Clouds,./2026/ICML/2026_ICML_Any3D-VLA-Enhancing-VLA-Robustness-via-Diverse-Point-Cloud/01_overview.md,,,,,,,,,
NEXT,"VLA, cross-embodiment, and long-horizon planning",VLA and generalist robot policies,pr-0096,108,UNREAD,FULL_TEXT_CHECKED,2026,ICLR,MomaGraph: State-Aware Unified Scene Graphs with Vision-Language Models for Embodied Task Planning,./2026/ICLR/2026_ICLR_MomaGraph-State-Aware-Unified-Scene-Graphs-with-Vision-Lan/01_overview.md,,,,,,,,,
NEXT,"VLA, cross-embodiment, and long-horizon planning",VLA and generalist robot policies,pr-0817,109,UNREAD,FULL_TEXT_CHECKED,2026,CVPR,AVA-VLA: Improving Vision-Language-Action Models with Active Visual Attention,./2026/CVPR/2026_CVPR_AVA-VLA-Improving-Vision-Language-Action-Models-with-Activ/01_overview.md,,,,,,,,,
NEXT,"VLA, cross-embodiment, and long-horizon planning",VLA and generalist robot policies,pr-0814,110,UNREAD,FULL_TEXT_CHECKED,2026,ICML,VLA-Arena: An Open-Source Framework for Benchmarking Vision-Language-Action Models,./2026/ICML/2026_ICML_VLA-Arena-An-Open-Source-Framework-for-Benchmarking-Vision/01_overview.md,,,,,,,,,
NEXT,"VLA, cross-embodiment, and long-horizon planning",VLA and generalist robot policies,pr-0880,111,UNREAD,ABSTRACT_CHECKED,2025,RSS,SpatialVLA: Exploring Spatial Representations for Visual-Language-Action Models,./2025/RSS/2025_RSS_SpatialVLA-Exploring-Spatial-Representations-for-Visual-La/01_overview.md,,,,,,,,,
NEXT,"VLA, cross-embodiment, and long-horizon planning",VLA and generalist robot policies,pr-0086,112,UNREAD,FULL_TEXT_CHECKED,2026,ICLR,From Spatial to Actions: Grounding Vision-Language-Action Model in Spatial Foundation Priors,./2026/ICLR/2026_ICLR_From-Spatial-to-Actions-Grounding-Vision-Language-Action-M/01_overview.md,,,,,,,,,
NEXT,"VLA, cross-embodiment, and long-horizon planning",VLA and generalist robot policies,pr-0881,113,UNREAD,ABSTRACT_CHECKED,2025,RSS,Uni-NaVid: A Video-based Vision-Language-Action Model for Unifying Embodied Navigation Tasks,./2025/RSS/2025_RSS_Uni-NaVid-A-Video-based-Vision-Language-Action-Model-for-U/01_overview.md,,,,,,,,,
NEXT,"VLA, cross-embodiment, and long-horizon planning",VLA and generalist robot policies,pr-0882,114,UNREAD,ABSTRACT_CHECKED,2025,RSS,Learning to Act Anywhere with Task-centric Latent Actions,./2025/RSS/2025_RSS_Learning-to-Act-Anywhere-with-Task-centric-Latent-Actions/01_overview.md,,,,,,,,,
NEXT,"VLA, cross-embodiment, and long-horizon planning",VLA and generalist robot policies,pr-0883,115,UNREAD,ABSTRACT_CHECKED,2025,RSS,CLIP-RT: Learning Language-Conditioned Robotic Policies from Natural Language Supervision,./2025/RSS/2025_RSS_CLIP-RT-Learning-Language-Conditioned-Robotic-Policies-fro/01_overview.md,,,,,,,,,
NEXT,"VLA, cross-embodiment, and long-horizon planning",VLA and generalist robot policies,pr-0884,116,UNREAD,ABSTRACT_CHECKED,2025,RSS,NaVILA: Legged Robot Vision-Language-Action Model for Navigation,./2025/RSS/2025_RSS_NaVILA-Legged-Robot-Vision-Language-Action-Model-for-Navig/01_overview.md,,,,,,,,,
NEXT,"VLA, cross-embodiment, and long-horizon planning",VLA and generalist robot policies,pr-0885,117,UNREAD,ABSTRACT_CHECKED,2025,RSS,ConRFT: A Reinforced Fine-tuning Method for VLA Models via Consistency Policy,./2025/RSS/2025_RSS_ConRFT-A-Reinforced-Fine-tuning-Method-for-VLA-Models-via/01_overview.md,,,,,,,,,
NEXT,"VLA, cross-embodiment, and long-horizon planning",VLA and generalist robot policies,pr-0897,118,UNREAD,ABSTRACT_CHECKED,2025,RSS,CodeDiffuser: Attention-Enhanced Diffusion Policy via VLM-Generated Code for Instruction Ambiguity,./2025/RSS/2025_RSS_CodeDiffuser-Attention-Enhanced-Diffusion-Policy-via-VLM-G/01_overview.md,,,,,,,,,
NEXT,"VLA, cross-embodiment, and long-horizon planning",VLA and generalist robot policies,pr-0907,119,UNREAD,ABSTRACT_CHECKED,2025,RSS,PartInstruct: Part-level Instruction Following for Fine-grained Robot Manipulation,./2025/RSS/2025_RSS_PartInstruct-Part-level-Instruction-Following-for-Fine-gra/01_overview.md,,,,,,,,,
NEXT,"VLA, cross-embodiment, and long-horizon planning",VLA and generalist robot policies,pr-0909,120,UNREAD,ABSTRACT_CHECKED,2025,RSS,Manual2Skill: Learning to Read Manuals and Acquire Robotic Skills for Furniture Assembly Using Vision-Language Models,./2025/RSS/2025_RSS_Manual2Skill-Learning-to-Read-Manuals-and-Acquire-Robotic/01_overview.md,,,,,,,,,
NEXT,"VLA, cross-embodiment, and long-horizon planning",VLA and generalist robot policies,pr-0915,121,UNREAD,ABSTRACT_CHECKED,2025,arXiv,SmolVLA: A Vision-Language-Action Model for Affordable and Efficient Robotics,./2025/arXiv/2025_arXiv_SmolVLA-A-Vision-Language-Action-Model-for-Affordable-and/01_overview.md,,,,,,,,,
NEXT,"VLA, cross-embodiment, and long-horizon planning",VLA and generalist robot policies,pr-0916,122,UNREAD,ABSTRACT_CHECKED,2025,arXiv,"Gemini Robotics 1.5: Pushing the Frontier of Generalist Robots with Advanced Embodied Reasoning, Thinking, and Motion Transfer",./2025/arXiv/2025_arXiv_Gemini-Robotics-1.5-Pushing-the-Frontier-of-Generalist-Rob/01_overview.md,,,,,,,,,
NEXT,"VLA, cross-embodiment, and long-horizon planning",VLA and generalist robot policies,pr-0917,123,UNREAD,ABSTRACT_CHECKED,2025,Technical Report,GR00T N1.5: An Improved Open Foundation Model for Generalist Humanoid Robots,./2025/Technical-Report/2025_Technical-Report_GR00T-N1.5-An-Improved-Open-Foundation-Model-for-Generalis/01_overview.md,,,,,,,,,
NEXT,"VLA, cross-embodiment, and long-horizon planning",VLA and generalist robot policies,pr-0918,124,UNREAD,ABSTRACT_CHECKED,2025,Technical Report,GR00T N1.6: An Improved Open Foundation Model for Generalist Humanoid Robots,./2025/Technical-Report/2025_Technical-Report_GR00T-N1.6-An-Improved-Open-Foundation-Model-for-Generalis/01_overview.md,,,,,,,,,
NEXT,"VLA, cross-embodiment, and long-horizon planning",VLA and generalist robot policies,pr-0919,125,UNREAD,ABSTRACT_CHECKED,2026,AAAI,Grounding Actions in Camera Space: Observation-Centric Vision-Language-Action Policy,./2026/AAAI/2026_AAAI_Grounding-Actions-in-Camera-Space-Observation-Centric-Visi/01_overview.md,,,,,,,,,
NEXT,"VLA, cross-embodiment, and long-horizon planning",VLA and generalist robot policies,pr-0054,126,UNREAD,FULL_TEXT_CHECKED,2024,CoRL,ReKep: Spatio-Temporal Reasoning of Relational Keypoint Constraints for Robotic Manipulation,./2024/CoRL/2024_CoRL_ReKep-Spatio-Temporal-Reasoning-of-Relational-Keypoint-Con/01_overview.md,,,,,,,,,
NEXT,"VLA, cross-embodiment, and long-horizon planning",VLA and generalist robot policies,pr-0055,127,UNREAD,FULL_TEXT_CHECKED,2024,CoRL,VoxAct-B: Voxel-Based Acting and Stabilizing Policy for Bimanual Manipulation,./2024/CoRL/2024_CoRL_VoxAct-B-Voxel-Based-Acting-and-Stabilizing-Policy-for-Bim/01_overview.md,,,,,,,,,
NEXT,"VLA, cross-embodiment, and long-horizon planning",VLA and generalist robot policies,pr-0058,128,UNREAD,FULL_TEXT_CHECKED,2025,CoRL,3DS-VLA: A 3D Spatial-Aware Vision Language Action Model for Robust Multi-Task Manipulation,./2025/CoRL/2025_CoRL_3DS-VLA-A-3D-Spatial-Aware-Vision-Language-Action-Model-fo/01_overview.md,,,,,,,,,
NEXT,"VLA, cross-embodiment, and long-horizon planning",VLA and generalist robot policies,pr-0062,129,UNREAD,FULL_TEXT_CHECKED,2025,CoRL,GraspVLA: a Grasping Foundation Model Pre-trained on Billion-scale Synthetic Action Data,./2025/CoRL/2025_CoRL_GraspVLA-a-Grasping-Foundation-Model-Pre-trained-on-Billio/01_overview.md,,,,,,,,,
NEXT,"VLA, cross-embodiment, and long-horizon planning",VLA and generalist robot policies,pr-0059,130,UNREAD,FULL_TEXT_CHECKED,2025,CoRL,Long-VLA: Unleashing Long-Horizon Capability of Vision Language Action Model for Robot Manipulation,./2025/CoRL/2025_CoRL_Long-VLA-Unleashing-Long-Horizon-Capability-of-Vision-Lang/01_overview.md,,,,,,,,,
NEXT,"VLA, cross-embodiment, and long-horizon planning",VLA and generalist robot policies,pr-0083,131,UNREAD,FULL_TEXT_CHECKED,2025,ICLR,RDT-1B: a Diffusion Foundation Model for Bimanual Manipulation,./2025/ICLR/2025_ICLR_RDT-1B-a-Diffusion-Foundation-Model-for-Bimanual-Manipulat/01_overview.md,,,,,,,,,
NEXT,"VLA, cross-embodiment, and long-horizon planning",VLA and generalist robot policies,pr-0071,132,UNREAD,FULL_TEXT_CHECKED,2025,ICLR,AHA: A Vision-Language-Model for Detecting and Reasoning Over Failures in Robotic Manipulation,./2025/ICLR/2025_ICLR_AHA-A-Vision-Language-Model-for-Detecting-and-Reasoning-Ov/01_overview.md,,,,,,,,,
NEXT,"VLA, cross-embodiment, and long-horizon planning",VLA and generalist robot policies,pr-0810,133,UNREAD,FULL_TEXT_CHECKED,2026,CVPR,SIMPACT: Simulation-Enabled Action Planning using Vision-Language Models,./2026/CVPR/2026_CVPR_SIMPACT-Simulation-Enabled-Action-Planning-using-Vision-La/01_overview.md,,,,,,,,,
NEXT,"World models, uncertainty, failure detection, and recovery","World models, safety, uncertainty, and recovery",pr-0870,134,UNREAD,ABSTRACT_CHECKED,2025,CoRL,DreamGen: Unlocking Generalization in Robot Learning through Video World Models,./2025/CoRL/2025_CoRL_DreamGen-Unlocking-Generalization-in-Robot-Learning-throug/01_overview.md,,,,,,,,,
NEXT,"World models, uncertainty, failure detection, and recovery","World models, safety, uncertainty, and recovery",pr-0871,135,UNREAD,ABSTRACT_CHECKED,2026,ICML,DreamDojo: A Generalist Robot World Model from Large-Scale Human Videos,./2026/ICML/2026_ICML_DreamDojo-A-Generalist-Robot-World-Model-from-Large-Scale/01_overview.md,,,,,,,,,
NEXT,"World models, uncertainty, failure detection, and recovery","World models, safety, uncertainty, and recovery",pr-0679,136,UNREAD,FULL_TEXT_CHECKED,2019,ICML,Learning Latent Dynamics for Planning from Pixels,./2019/ICML/2019_ICML_Learning-Latent-Dynamics-for-Planning-from-Pixels/01_overview.md,,,,,,,,,
NEXT,"World models, uncertainty, failure detection, and recovery","World models, safety, uncertainty, and recovery",pr-0680,137,UNREAD,FULL_TEXT_CHECKED,2020,ICLR,Dream to Control: Learning Behaviors by Latent Imagination,./2020/ICLR/2020_ICLR_Dream-to-Control-Learning-Behaviors-by-Latent-Imagination/01_overview.md,,,,,,,,,
NEXT,"World models, uncertainty, failure detection, and recovery","World models, safety, uncertainty, and recovery",pr-0683,138,UNREAD,FULL_TEXT_CHECKED,2025,Nature,Mastering Diverse Domains through World Models,./2025/Nature/2025_Nature_Mastering-Diverse-Domains-through-World-Models/01_overview.md,,,,,,,,,
NEXT,"World models, uncertainty, failure detection, and recovery","World models, safety, uncertainty, and recovery",pr-0685,139,UNREAD,FULL_TEXT_CHECKED,2025,RSS,PIN-WM: Learning Physics-INformed World Models for Non-Prehensile Manipulation,./2025/RSS/2025_RSS_PIN-WM-Learning-Physics-INformed-World-Models-for-Non-Preh/01_overview.md,,,,,,,,,
NEXT,"World models, uncertainty, failure detection, and recovery","World models, safety, uncertainty, and recovery",pr-0701,140,UNREAD,FULL_TEXT_CHECKED,2025,RSS,Unified World Models: Coupling Video and Action Diffusion for Pretraining on Large Robotic Datasets,./2025/RSS/2025_RSS_Unified-World-Models-Coupling-Video-and-Action-Diffusion-f/01_overview.md,,,,,,,,,
NEXT,"World models, uncertainty, failure detection, and recovery","World models, safety, uncertainty, and recovery",pr-0703,141,UNREAD,FULL_TEXT_CHECKED,2025,arXiv,FlowDreamer: A RGB-D World Model with Flow-based Motion Representations for Robot Manipulation,./2025/arXiv/2025_arXiv_FlowDreamer-A-RGB-D-World-Model-with-Flow-based-Motion-Rep/01_overview.md,,,,,,,,,
NEXT,"World models, uncertainty, failure detection, and recovery","World models, safety, uncertainty, and recovery",pr-0752,142,UNREAD,FULL_TEXT_CHECKED,2025,RSS,Can We Detect Failures Without Failure Data? Uncertainty-Aware Runtime Failure Detection for Imitation Learning Policies,./2025/RSS/2025_RSS_Can-We-Detect-Failures-Without-Failure-Data-Uncertainty-Aw/01_overview.md,,,,,,,,,
NEXT,"World models, uncertainty, failure detection, and recovery","World models, safety, uncertainty, and recovery",pr-0696,143,UNREAD,FULL_TEXT_CHECKED,2025,NeurIPS,SAFE: Multitask Failure Detection for Vision-Language-Action Models,./2025/NeurIPS/2025_NeurIPS_SAFE-Multitask-Failure-Detection-for-Vision-Language-Actio/01_overview.md,,,,,,,,,
NEXT,"World models, uncertainty, failure detection, and recovery","World models, safety, uncertainty, and recovery",pr-0698,144,UNREAD,FULL_TEXT_CHECKED,2026,ICLR,WorldGym: World Model as An Environment for Policy Evaluation,./2026/ICLR/2026_ICLR_WorldGym-World-Model-as-An-Environment-for-Policy-Evaluati/01_overview.md,,,,,,,,,
NEXT,"World models, uncertainty, failure detection, and recovery","World models, safety, uncertainty, and recovery",pr-0688,145,UNREAD,FULL_TEXT_CHECKED,2026,ICLR,WMPO: World Model-based Policy Optimization for Vision-Language-Action Models,./2026/ICLR/2026_ICLR_WMPO-World-Model-based-Policy-Optimization-for-Vision-Lang/01_overview.md,,,,,,,,,
NEXT,"World models, uncertainty, failure detection, and recovery","World models, safety, uncertainty, and recovery",pr-0812,146,UNREAD,FULL_TEXT_CHECKED,2026,CVPR,FLARE: A Failure-Aware Framework for Autonomous Correction and Recovery in Visual-Language Robotic Manipulation,./2026/CVPR/2026_CVPR_FLARE-A-Failure-Aware-Framework-for-Autonomous-Correction/01_overview.md,,,,,,,,,
NEXT,"World models, uncertainty, failure detection, and recovery","World models, safety, uncertainty, and recovery",pr-0813,147,UNREAD,ABSTRACT_CHECKED,2026,ICML,Can VLMs Diagnose and Recover from VLA Manipulation Faults?,./2026/ICML/2026_ICML_Can-VLMs-Diagnose-and-Recover-from-VLA-Manipulation-Faults/01_overview.md,,,,,,,,,
NEXT,"World models, uncertainty, failure detection, and recovery","World models, safety, uncertainty, and recovery",pr-0816,148,UNREAD,FULL_TEXT_CHECKED,2026,ICML,Temporal Difference Calibration in Sequential Tasks: Application to Vision-Language-Action Models,./2026/ICML/2026_ICML_Temporal-Difference-Calibration-in-Sequential-Tasks-Applic/01_overview.md,,,,,,,,,
NEXT,"World models, uncertainty, failure detection, and recovery","World models, safety, uncertainty, and recovery",pr-0819,149,UNREAD,FULL_TEXT_CHECKED,2026,RSS,Memory Retrieval in Visuomotor Policies for Long-Horizon Robot Control,./2026/RSS/2026_RSS_Memory-Retrieval-in-Visuomotor-Policies-for-Long-Horizon-R/01_overview.md,,,,,,,,,
NEXT,"World models, uncertainty, failure detection, and recovery","World models, safety, uncertainty, and recovery",pr-0876,150,UNREAD,ABSTRACT_CHECKED,2025,RSS,Demonstrating ViSafe: Vision-enabled Safety for High-speed Detect and Avoid,./2025/RSS/2025_RSS_Demonstrating-ViSafe-Vision-enabled-Safety-for-High-speed/01_overview.md,,,,,,,,,
NEXT,"World models, uncertainty, failure detection, and recovery","World models, safety, uncertainty, and recovery",pr-0877,151,UNREAD,ABSTRACT_CHECKED,2025,RSS,Learned Perceptive Forward Dynamics Model for Safe and Platform-aware Robotic Navigation,./2025/RSS/2025_RSS_Learned-Perceptive-Forward-Dynamics-Model-for-Safe-and-Pla/01_overview.md,,,,,,,,,
NEXT,"World models, uncertainty, failure detection, and recovery","World models, safety, uncertainty, and recovery",pr-0878,152,UNREAD,ABSTRACT_CHECKED,2025,RSS,Certifiably-Correct Mapping for Safe Navigation Despite Odometry Drift,./2025/RSS/2025_RSS_Certifiably-Correct-Mapping-for-Safe-Navigation-Despite-Od/01_overview.md,,,,,,,,,
NEXT,"World models, uncertainty, failure detection, and recovery","World models, safety, uncertainty, and recovery",pr-0890,153,UNREAD,ABSTRACT_CHECKED,2025,RSS,Particle-Grid Neural Dynamics for Learning Deformable Object Models from RGB-D Videos,./2025/RSS/2025_RSS_Particle-Grid-Neural-Dynamics-for-Learning-Deformable-Obje/01_overview.md,,,,,,,,,
NEXT,"World models, uncertainty, failure detection, and recovery","World models, safety, uncertainty, and recovery",pr-0891,154,UNREAD,ABSTRACT_CHECKED,2025,RSS,Map Space Belief Prediction for Manipulation-Enhanced Mapping,./2025/RSS/2025_RSS_Map-Space-Belief-Prediction-for-Manipulation-Enhanced-Mapp/01_overview.md,,,,,,,,,
NEXT,"World models, uncertainty, failure detection, and recovery","World models, safety, uncertainty, and recovery",pr-0898,155,UNREAD,ABSTRACT_CHECKED,2025,RSS,Unified Video Action Model,./2025/RSS/2025_RSS_Unified-Video-Action-Model/01_overview.md,,,,,,,,,
NEXT,"World models, uncertainty, failure detection, and recovery","World models, safety, uncertainty, and recovery",pr-0900,156,UNREAD,ABSTRACT_CHECKED,2025,RSS,From Foresight to Forethought: VLM-In-the-Loop Policy Steering via Latent Alignment,./2025/RSS/2025_RSS_From-Foresight-to-Forethought-VLM-In-the-Loop-Policy-Steer/01_overview.md,,,,,,,,,
NEXT,"World models, uncertainty, failure detection, and recovery","World models, safety, uncertainty, and recovery",pr-0905,157,UNREAD,ABSTRACT_CHECKED,2025,RSS,Prompting with the Future: Open-World Model Predictive Control with Interactive Digital Twins,./2025/RSS/2025_RSS_Prompting-with-the-Future-Open-World-Model-Predictive-Cont/01_overview.md,,,,,,,,,
NEXT,"World models, uncertainty, failure detection, and recovery","World models, safety, uncertainty, and recovery",pr-0921,158,UNREAD,ABSTRACT_CHECKED,2025,AAAI,Self-Correcting Robot Manipulation via Gaussian-Splatted Foresight,./2025/AAAI/2025_AAAI_Self-Correcting-Robot-Manipulation-via-Gaussian-Splatted-F/01_overview.md,,,,,,,,,
NEXT,"World models, uncertainty, failure detection, and recovery","World models, safety, uncertainty, and recovery",pr-0279,159,UNREAD,FULL_TEXT_CHECKED,2025,IROS,WMNav: Integrating Vision-Language Models into World Models for Object Goal Navigation,./2025/IROS/2025_IROS_WMNav-Integrating-Vision-Language-Models-into-World-Models/01_overview.md,,,,,,,,,
NEXT,"World models, uncertainty, failure detection, and recovery","World models, safety, uncertainty, and recovery",pr-0699,160,UNREAD,FULL_TEXT_CHECKED,2024,ICML,RoboDreamer: Learning Compositional World Models for Robot Imagination,./2024/ICML/2024_ICML_RoboDreamer-Learning-Compositional-World-Models-for-Robot/01_overview.md,,,,,,,,,
NEXT,"World models, uncertainty, failure detection, and recovery","World models, safety, uncertainty, and recovery",pr-0700,161,UNREAD,FULL_TEXT_CHECKED,2024,ICLR,Learning Interactive Real-World Simulators,./2024/ICLR/2024_ICLR_Learning-Interactive-Real-World-Simulators/01_overview.md,,,,,,,,,
NEXT,"World models, uncertainty, failure detection, and recovery","World models, safety, uncertainty, and recovery",pr-0672,162,UNREAD,FULL_TEXT_CHECKED,2025,RSS,SafeMimic: Towards Safe and Autonomous Human-to-Robot Imitation for Mobile Manipulation,./2025/RSS/2025_RSS_SafeMimic-Towards-Safe-and-Autonomous-Human-to-Robot-Imita/01_overview.md,,,,,,,,,
NEXT,"World models, uncertainty, failure detection, and recovery","World models, safety, uncertainty, and recovery",pr-0687,163,UNREAD,FULL_TEXT_CHECKED,2026,ICLR,Ctrl-World: A Controllable Generative World Model for Robot Manipulation,./2026/ICLR/2026_ICLR_Ctrl-World-A-Controllable-Generative-World-Model-for-Robot/01_overview.md,,,,,,,,,
NEXT,"Locomotion, whole-body control, mobile manipulation, and humanoids","Locomotion, whole-body, mobile manipulation, and humanoids",pr-0852,164,UNREAD,ABSTRACT_CHECKED,2023,ICCV,Perpetual Humanoid Control for Real-time Simulated Avatars,./2023/ICCV/2023_ICCV_Perpetual-Humanoid-Control-for-Real-time-Simulated-Avatars/01_overview.md,,,,,,,,,
NEXT,"Locomotion, whole-body control, mobile manipulation, and humanoids","Locomotion, whole-body, mobile manipulation, and humanoids",pr-0867,165,UNREAD,ABSTRACT_CHECKED,2024,ACM Transactions on Graphics,MaskedMimic: Unified Physics-Based Character Control Through Masked Motion Inpainting,./2024/ACM-Transactions-on-Grap/2024_ACM-Transactions-on-Grap_MaskedMimic-Unified-Physics-Based-Character-Control-Throug/01_overview.md,,,,,,,,,
NEXT,"Locomotion, whole-body control, mobile manipulation, and humanoids","Locomotion, whole-body, mobile manipulation, and humanoids",pr-0868,166,UNREAD,ABSTRACT_CHECKED,2025,ICRA,HOVER: Versatile Neural Whole-Body Controller for Humanoid Robots,./2025/ICRA/2025_ICRA_HOVER-Versatile-Neural-Whole-Body-Controller-for-Humanoid/01_overview.md,,,,,,,,,
NEXT,"Locomotion, whole-body control, mobile manipulation, and humanoids","Locomotion, whole-body, mobile manipulation, and humanoids",pr-0872,167,UNREAD,ABSTRACT_CHECKED,2026,Science Robotics,SONIC: Supersizing Motion Tracking for Natural Humanoid Whole-Body Control,./2026/Science-Robotics/2026_Science-Robotics_SONIC-Supersizing-Motion-Tracking-for-Natural-Humanoid-Who/01_overview.md,,,,,,,,,
NEXT,"Locomotion, whole-body control, mobile manipulation, and humanoids","Locomotion, whole-body, mobile manipulation, and humanoids",pr-0595,168,UNREAD,FULL_TEXT_CHECKED,2018,TOG / SIGGRAPH,DeepMimic: Example-Guided Deep Reinforcement Learning of Physics-Based Character Skills,./2018/TOG-SIGGRAPH/2018_TOG-SIGGRAPH_DeepMimic-Example-Guided-Deep-Reinforcement-Learning-of-Ph/01_overview.md,,,,,,,,,
NEXT,"Locomotion, whole-body control, mobile manipulation, and humanoids","Locomotion, whole-body, mobile manipulation, and humanoids",pr-0654,169,UNREAD,FULL_TEXT_CHECKED,2018,RSS,Sim-to-Real: Learning Agile Locomotion For Quadruped Robots,./2018/RSS/2018_RSS_Sim-to-Real-Learning-Agile-Locomotion-For-Quadruped-Robots/01_overview.md,,,,,,,,,
NEXT,"Locomotion, whole-body control, mobile manipulation, and humanoids","Locomotion, whole-body, mobile manipulation, and humanoids",pr-0655,170,UNREAD,FULL_TEXT_CHECKED,2020,Science Robotics,Learning Quadrupedal Locomotion over Challenging Terrain,./2020/Science-Robotics/2020_Science-Robotics_Learning-Quadrupedal-Locomotion-over-Challenging-Terrain/01_overview.md,,,,,,,,,
NEXT,"Locomotion, whole-body control, mobile manipulation, and humanoids","Locomotion, whole-body, mobile manipulation, and humanoids",pr-0662,171,UNREAD,FULL_TEXT_CHECKED,2024,ICRA,Extreme Parkour with Legged Robots,./2024/ICRA/2024_ICRA_Extreme-Parkour-with-Legged-Robots/01_overview.md,,,,,,,,,
NEXT,"Locomotion, whole-body control, mobile manipulation, and humanoids","Locomotion, whole-body, mobile manipulation, and humanoids",pr-0658,172,UNREAD,FULL_TEXT_CHECKED,2022,CoRL,Walk These Ways: Tuning Robot Control for Generalization with Multiplicity of Behavior,./2022/CoRL/2022_CoRL_Walk-These-Ways-Tuning-Robot-Control-for-Generalization-wi/01_overview.md,,,,,,,,,
NEXT,"Locomotion, whole-body control, mobile manipulation, and humanoids","Locomotion, whole-body, mobile manipulation, and humanoids",pr-0601,173,UNREAD,FULL_TEXT_CHECKED,2024,CoRL,HumanPlus: Humanoid Shadowing and Imitation from Humans,./2024/CoRL/2024_CoRL_HumanPlus-Humanoid-Shadowing-and-Imitation-from-Humans/01_overview.md,,,,,,,,,
NEXT,"Locomotion, whole-body control, mobile manipulation, and humanoids","Locomotion, whole-body, mobile manipulation, and humanoids",pr-0607,174,UNREAD,FULL_TEXT_CHECKED,2025,RSS,ASAP: Aligning Simulation and Real-World Physics for Learning Agile Humanoid Whole-Body Skills,./2025/RSS/2025_RSS_ASAP-Aligning-Simulation-and-Real-World-Physics-for-Learni/01_overview.md,,,,,,,,,
NEXT,"Locomotion, whole-body control, mobile manipulation, and humanoids","Locomotion, whole-body, mobile manipulation, and humanoids",pr-0606,175,UNREAD,FULL_TEXT_CHECKED,2025,RSS,LangWBC: Language-Directed Humanoid Whole-Body Control via End-to-End Learning,./2025/RSS/2025_RSS_LangWBC-Language-Directed-Humanoid-Whole-Body-Control-via/01_overview.md,,,,,,,,,
NEXT,"Locomotion, whole-body control, mobile manipulation, and humanoids","Locomotion, whole-body, mobile manipulation, and humanoids",pr-0671,176,UNREAD,FULL_TEXT_CHECKED,2025,RSS,RoboPanoptes: The All-Seeing Robot with Whole-body Dexterity,./2025/RSS/2025_RSS_RoboPanoptes-The-All-Seeing-Robot-with-Whole-body-Dexterit/01_overview.md,,,,,,,,,
NEXT,"Locomotion, whole-body control, mobile manipulation, and humanoids","Locomotion, whole-body, mobile manipulation, and humanoids",pr-0670,177,UNREAD,FULL_TEXT_CHECKED,2024,RSS,Demonstrating OK-Robot: What Really Matters in Integrating Open-Knowledge Models for Robotics,./2024/RSS/2024_RSS_Demonstrating-OK-Robot-What-Really-Matters-in-Integrating/01_overview.md,,,,,,,,,
NEXT,"Locomotion, whole-body control, mobile manipulation, and humanoids","Locomotion, whole-body, mobile manipulation, and humanoids",pr-0611,178,UNREAD,FULL_TEXT_CHECKED,2026,ICLR,HWC-Loco: A Hierarchical Whole-Body Control Approach to Robust Humanoid Locomotion,./2026/ICLR/2026_ICLR_HWC-Loco-A-Hierarchical-Whole-Body-Control-Approach-to-Rob/01_overview.md,,,,,,,,,
NEXT,"Locomotion, whole-body control, mobile manipulation, and humanoids","Locomotion, whole-body, mobile manipulation, and humanoids",pr-0613,179,UNREAD,FULL_TEXT_CHECKED,2026,CVPR,VIRAL: Visual Sim-to-Real at Scale for Humanoid Loco-Manipulation,./2026/CVPR/2026_CVPR_VIRAL-Visual-Sim-to-Real-at-Scale-for-Humanoid-Loco-Manipu/01_overview.md,,,,,,,,,
NEXT,"Locomotion, whole-body control, mobile manipulation, and humanoids","Locomotion, whole-body, mobile manipulation, and humanoids",pr-0265,180,UNREAD,FULL_TEXT_CHECKED,2024,RA-L,Language-Grounded Dynamic Scene Graphs for Interactive Object Search with Mobile Manipulation,./2024/RA-L/2024_RA-L_Language-Grounded-Dynamic-Scene-Graphs-for-Interactive-Obj/01_overview.md,,,,,,,,,
NEXT,"Locomotion, whole-body control, mobile manipulation, and humanoids","Locomotion, whole-body, mobile manipulation, and humanoids",pr-0269,181,UNREAD,FULL_TEXT_CHECKED,2025,RA-L,Dynamic Open-Vocabulary 3D Scene Graphs for Long-term Language-Guided Mobile Manipulation,./2025/RA-L/2025_RA-L_Dynamic-Open-Vocabulary-3D-Scene-Graphs-for-Long-term-Lang/01_overview.md,,,,,,,,,
NEXT,"Locomotion, whole-body control, mobile manipulation, and humanoids","Locomotion, whole-body, mobile manipulation, and humanoids",pr-0604,182,UNREAD,FULL_TEXT_CHECKED,2025,RSS,AMO: Adaptive Motion Optimization for Hyper-Dexterous Humanoid Whole-Body Control,./2025/RSS/2025_RSS_AMO-Adaptive-Motion-Optimization-for-Hyper-Dexterous-Human/01_overview.md,,,,,,,,,
NEXT,"Locomotion, whole-body control, mobile manipulation, and humanoids","Locomotion, whole-body, mobile manipulation, and humanoids",pr-0673,183,UNREAD,FULL_TEXT_CHECKED,2025,RSS,Demonstrating MOSART: Opening Articulated Structures in the Real World,./2025/RSS/2025_RSS_Demonstrating-MOSART-Opening-Articulated-Structures-in-the/01_overview.md,,,,,,,,,
NEXT,"Locomotion, whole-body control, mobile manipulation, and humanoids","Locomotion, whole-body, mobile manipulation, and humanoids",pr-0609,184,UNREAD,FULL_TEXT_CHECKED,2025,RSS,HOMIE: Humanoid Loco-Manipulation with Isomorphic Exoskeleton Cockpit,./2025/RSS/2025_RSS_HOMIE-Humanoid-Loco-Manipulation-with-Isomorphic-Exoskelet/01_overview.md,,,,,,,,,
NEXT,"Locomotion, whole-body control, mobile manipulation, and humanoids","Locomotion, whole-body, mobile manipulation, and humanoids",pr-0743,185,UNREAD,FULL_TEXT_CHECKED,2025,RSS,Flying Hand: End-Effector-Centric Framework for Versatile Aerial Manipulation Teleoperation and Policy Learning,./2025/RSS/2025_RSS_Flying-Hand-End-Effector-Centric-Framework-for-Versatile-A/01_overview.md,,,,,,,,,
NEXT,"Locomotion, whole-body control, mobile manipulation, and humanoids","Locomotion, whole-body, mobile manipulation, and humanoids",pr-0578,186,UNREAD,FULL_TEXT_CHECKED,2024,CVPR,"SPIN: Simultaneous Perception, Interaction and Navigation",./2024/CVPR/2024_CVPR_SPIN-Simultaneous-Perception-Interaction-and-Navigation/01_overview.md,,,,,,,,,
NEXT,"Locomotion, whole-body control, mobile manipulation, and humanoids","Locomotion, whole-body, mobile manipulation, and humanoids",pr-0603,187,UNREAD,FULL_TEXT_CHECKED,2024,CoRL,WoCoCo: Learning Whole-Body Humanoid Control with Sequential Contacts,./2024/CoRL/2024_CoRL_WoCoCo-Learning-Whole-Body-Humanoid-Control-with-Sequentia/01_overview.md,,,,,,,,,
NEXT,Active and embodied 3D Vision,Robotics-enabling 3D perception,pr-0712,188,UNREAD,FULL_TEXT_CHECKED,2021,ICCV,Where2Act: From Pixels to Actions for Articulated 3D Objects,./2021/ICCV/2021_ICCV_Where2Act-From-Pixels-to-Actions-for-Articulated-3D-Object/01_overview.md,,,,,,,,,
NEXT,Active and embodied 3D Vision,Robotics-enabling 3D perception,pr-0715,189,UNREAD,FULL_TEXT_CHECKED,2022,RSS,FlowBot3D: Learning 3D Articulation Flow to Manipulate Articulated Objects,./2022/RSS/2022_RSS_FlowBot3D-Learning-3D-Articulation-Flow-to-Manipulate-Arti/01_overview.md,,,,,,,,,
NEXT,Active and embodied 3D Vision,Robotics-enabling 3D perception,pr-0714,190,UNREAD,FULL_TEXT_CHECKED,2022,CVPR,Ditto: Building Digital Twins of Articulated Objects from Interaction,./2022/CVPR/2022_CVPR_Ditto-Building-Digital-Twins-of-Articulated-Objects-from-I/01_overview.md,,,,,,,,,
NEXT,Active and embodied 3D Vision,Robotics-enabling 3D perception,pr-0028,191,UNREAD,FULL_TEXT_CHECKED,2023,ICRA,VLMaps: Visual-Language Maps for Robot Navigation,./2023/ICRA/2023_ICRA_VLMaps-Visual-Language-Maps-for-Robot-Navigation/01_overview.md,,,,,,,,,
NEXT,Active and embodied 3D Vision,Robotics-enabling 3D perception,pr-0760,192,UNREAD,FULL_TEXT_CHECKED,2024,CVPR,SUGAR: Pre-training 3D Visual Representations for Robotics,./2024/CVPR/2024_CVPR_SUGAR-Pre-training-3D-Visual-Representations-for-Robotics/01_overview.md,,,,,,,,,
NEXT,Active and embodied 3D Vision,Robotics-enabling 3D perception,pr-0284,193,UNREAD,FULL_TEXT_CHECKED,2025,IROS,Splat-Nav: Safe Real-Time Robot Navigation in Gaussian Splatting Maps,./2025/IROS/2025_IROS_Splat-Nav-Safe-Real-Time-Robot-Navigation-in-Gaussian-Spla/01_overview.md,,,,,,,,,
NEXT,Active and embodied 3D Vision,Robotics-enabling 3D perception,pr-0772,194,UNREAD,FULL_TEXT_CHECKED,2025,CVPR,RoboSpatial: Teaching Spatial Understanding to 2D and 3D Vision-Language Models for Robotics,./2025/CVPR/2025_CVPR_RoboSpatial-Teaching-Spatial-Understanding-to-2D-and-3D-Vi/01_overview.md,,,,,,,,,
NEXT,Active and embodied 3D Vision,Robotics-enabling 3D perception,pr-0272,195,UNREAD,FULL_TEXT_CHECKED,2026,RA-L,PointVLA: Injecting the 3D World into Vision-Language-Action Models,./2026/RA-L/2026_RA-L_PointVLA-Injecting-the-3D-World-into-Vision-Language-Actio/01_overview.md,,,,,,,,,
NEXT,Active and embodied 3D Vision,Robotics-enabling 3D perception,pr-0889,196,UNREAD,ABSTRACT_CHECKED,2025,RSS,Vysics: Object Reconstruction Under Occlusion by Fusing Vision and Contact-Rich Physics,./2025/RSS/2025_RSS_Vysics-Object-Reconstruction-Under-Occlusion-by-Fusing-Vis/01_overview.md,,,,,,,,,
NEXT,Active and embodied 3D Vision,Robotics-enabling 3D perception,pr-0713,197,UNREAD,FULL_TEXT_CHECKED,2021,ICCV,Act the Part: Learning Interaction Strategies for Articulated Object Part Discovery,./2021/ICCV/2021_ICCV_Act-the-Part-Learning-Interaction-Strategies-for-Articulat/01_overview.md,,,,,,,,,
NEXT,Active and embodied 3D Vision,Robotics-enabling 3D perception,pr-0717,198,UNREAD,FULL_TEXT_CHECKED,2023,NeurIPS,Where2Explore: Few-shot Affordance Learning for Unseen Novel Categories of Articulated Objects,./2023/NeurIPS/2023_NeurIPS_Where2Explore-Few-shot-Affordance-Learning-for-Unseen-Nove/01_overview.md,,,,,,,,,
NEXT,Active and embodied 3D Vision,Robotics-enabling 3D perception,pr-0263,199,UNREAD,FULL_TEXT_CHECKED,2024,RA-L,Clio: Real-time Task-Driven Open-Set 3D Scene Graphs,./2024/RA-L/2024_RA-L_Clio-Real-time-Task-Driven-Open-Set-3D-Scene-Graphs/01_overview.md,,,,,,,,,
NEXT,Active and embodied 3D Vision,Robotics-enabling 3D perception,pr-0270,200,UNREAD,FULL_TEXT_CHECKED,2025,RA-L,"HAMMER: Heterogeneous, Multi-Robot Semantic Gaussian Splatting",./2025/RA-L/2025_RA-L_HAMMER-Heterogeneous-Multi-Robot-Semantic-Gaussian-Splatti/01_overview.md,,,,,,,,,
NEXT,Active and embodied 3D Vision,Robotics-enabling 3D perception,pr-0194,201,UNREAD,FULL_TEXT_CHECKED,2026,ICRA,"VISTA: Open-Vocabulary, Task-Relevant Robot Exploration with Online Semantic Gaussian Splatting",./2026/ICRA/2026_ICRA_VISTA-Open-Vocabulary-Task-Relevant-Robot-Exploration-with/01_overview.md,,,,,,,,,
NEXT,Active and embodied 3D Vision,Robotics-enabling 3D perception,pr-0111,202,UNREAD,FULL_TEXT_CHECKED,2025,NeurIPS,RoboRefer: Towards Spatial Referring with Reasoning in Vision-Language Models for Robotics,./2025/NeurIPS/2025_NeurIPS_RoboRefer-Towards-Spatial-Referring-with-Reasoning-in-Visi/01_overview.md,,,,,,,,,
NEXT,Active and embodied 3D Vision,Robotics-enabling 3D perception,pr-0540,203,UNREAD,FULL_TEXT_CHECKED,2024,ICRA,VLFM: Vision-Language Frontier Maps for Zero-Shot Semantic Navigation,./2024/ICRA/2024_ICRA_VLFM-Vision-Language-Frontier-Maps-for-Zero-Shot-Semantic/01_overview.md,,,,,,,,,
NEXT,Active and embodied 3D Vision,Robotics-enabling 3D perception,pr-0768,204,UNREAD,FULL_TEXT_CHECKED,2024,CVPR,Volumetric Environment Representation for Vision-Language Navigation,./2024/CVPR/2024_CVPR_Volumetric-Environment-Representation-for-Vision-Language/01_overview.md,,,,,,,,,
NEXT,Active and embodied 3D Vision,Robotics-enabling 3D perception,pr-0230,205,UNREAD,FULL_TEXT_CHECKED,2025,ICCV,IGL-Nav: Incremental 3D Gaussian Localization for Image-goal Navigation,./2025/ICCV/2025_ICCV_IGL-Nav-Incremental-3D-Gaussian-Localization-for-Image-goa/01_overview.md,,,,,,,,,
NEXT,Active and embodied 3D Vision,Robotics-enabling 3D perception,pr-0786,206,UNREAD,FULL_TEXT_CHECKED,2025,ICCV,Move to Understand a 3D Scene: Bridging Visual Grounding and Exploration for Efficient and Versatile Embodied Navigation,./2025/ICCV/2025_ICCV_Move-to-Understand-a-3D-Scene-Bridging-Visual-Grounding-an/01_overview.md,,,,,,,,,
